Player,S/C,GP,GS,W,L,T,OT,SA,Svs,GA,Sv%,GAA,TOI,SO,G,A,P,PIM
Martin Brodeur,L,1266,1251,691,397,105,49,31709,28928,2781,0.912,2.24,74438:25,125,2,45,47,122
Marc-Andre Fleury,L,1036,1005,567,333,2,95,29434,26840,2594,0.912,2.6,59898:29,75,0,22,22,84
Patrick Roy,L,1029,1003,551,315,131,,28346,25800,2546,0.91,2.54,60214:34,66,0,45,45,262
Roberto Luongo,L,1044,1014,489,392,33,91,30924,28409,2515,0.919,2.52,59879:00,77,0,23,23,46
Ed Belfour,L,963,937,484,320,111,14,24750,22433,2317,0.906,2.5,55695:55,76,0,34,34,380
Henrik Lundqvist,L,887,871,459,310,,96,25610,23509,2101,0.918,2.43,51816:51,64,0,27,27,18
Curtis Joseph,L,943,916,454,352,90,6,26795,24279,2516,0.906,2.79,54054:03,51,0,31,31,126
Terry Sawchuk,L,971,955,445,336,171,,18396,16678,2385,--,2.5,57155:51,103,0,7,7,225
Jacques Plante,L,837,832,437,246,145,,22712,20889,1960,--,2.38,49513:08,82,0,8,8,92
Tony Esposito,R,886,874,423,306,152,,27324,24761,2563,0.906,2.93,52476:00,76,0,25,25,31
Sergei Bobrovsky,L,724,710,412,231,,56,21060,19255,1805,0.914,2.59,41758:49,45,0,12,12,30
Glenn Hall,L,906,899,407,326,164,,26822,24611,2223,--,2.5,53446:58,84,0,9,9,88
Grant Fuhr,R,868,829,403,295,114,,24371,21615,2756,0.887,3.38,48927:35,25,0,47,47,120
Chris Osgood,L,744,713,401,216,66,29,18629,16861,1768,0.905,2.49,42562:11,50,1,19,20,137
Jonathan Quick,L,792,775,398,287,,86,21314,19417,1897,0.911,2.48,45960:21,62,0,21,21,78
Ryan Miller,L,796,772,391,289,1,87,23694,21665,2029,0.914,2.64,46145:35,44,0,12,12,48
Dominik Hasek,L,735,714,389,223,82,13,20220,18648,1572,0.922,2.2,42836:22,81,0,19,19,170
Mike Vernon,L,782,742,385,274,92,,19998,17788,2210,0.889,2.98,44502:01,27,0,39,39,271
John Vanbiesbrouck,L,882,841,374,346,119,,24705,22203,2502,0.899,2.98,50454:36,40,0,35,35,310
Andy Moog,L,713,664,372,209,88,,19322,17225,2097,0.891,3.14,40130:46,28,0,24,24,230
Pekka Rinne,L,683,667,369,213,,75,19225,17627,1598,0.917,2.43,39413:29,60,1,14,15,56
Tom Barrasso,R,777,755,369,277,86,,22079,19694,2385,0.892,3.24,44135:38,38,0,48,48,437
Carey Price,L,712,700,361,261,,79,21059,19304,1755,0.917,2.51,42005:27,49,0,13,13,51
Evgeni Nabokov,L,697,683,353,227,29,57,18398,16768,1630,0.911,2.44,40151:34,59,1,15,16,118
Rogie Vachon,L,795,773,353,293,128,,22192,19882,2310,0.896,3.0,46206:47,51,0,10,10,47
Cam Ward,L,701,683,334,256,,88,20102,18259,1843,0.908,2.74,40318:46,27,1,12,13,48
Nikolai Khabibulin,L,799,777,333,334,58,39,22329,20258,2071,0.907,2.72,45606:40,46,0,18,18,134
Gump Worsley,L,860,848,333,348,149,,23814,21766,2398,--,2.87,50155:36,43,0,3,3,147
Harry Lumley,L,803,802,330,329,142,,4212,3812,2196,--,2.74,48038:07,71,0,0,0,93
Sean Burke,L,820,776,324,341,101,9,23293,21003,2290,0.902,2.96,46440:09,38,0,28,28,310
Miikka Kiprusoff,L,623,606,319,213,7,64,17114,15614,1500,0.912,2.49,36169:09,44,0,10,10,47
Craig Anderson,L,709,669,319,275,2,71,21762,19846,1916,0.912,2.86,40227:35,43,0,20,20,56
Kari Lehtonen,L,649,619,310,233,0,67,18920,17258,1662,0.912,2.71,36837:58,38,0,28,28,42
Andrei Vasilevskiy,L,504,494,309,153,,31,15112,13851,1262,0.917,2.56,29629:51,36,0,20,20,38
Tuukka Rask,L,564,544,308,165,,66,15575,14345,1230,0.921,2.28,32404:55,52,0,17,17,26
Billy Smith,L,679,642,305,233,105,,19260,17229,2031,0.895,3.18,38368:38,22,1,12,13,475
Turk Broda,L,629,628,304,222,102,,,,1608,--,2.53,38182:10,61,0,0,0,8
Olie Kolzig,L,719,692,303,297,63,24,20118,18233,1885,0.906,2.71,41669:39,35,0,17,17,107
Mike Richter,L,666,648,301,258,73,,19219,17379,1840,0.904,2.89,38184:56,24,0,11,11,34
Tomas Vokoun,R,700,669,300,288,35,43,20313,18625,1688,0.917,2.55,39693:47,51,0,23,23,125
Braden Holtby,L,513,501,299,143,,50,14881,13610,1271,0.915,2.59,29407:26,35,0,12,12,27
Mike Smith,L,670,645,299,263,,78,19589,17869,1720,0.912,2.7,38259:49,44,1,20,21,152
Connor Hellebuyck,L,534,525,298,178,,42,16234,14893,1341,0.917,2.6,31001:29,41,0,9,9,6
Frederik Andersen,L,499,485,298,128,,52,14562,13338,1224,0.916,2.55,28808:31,27,0,15,15,26
Ron Hextall,L,608,588,296,214,69,,16356,14633,1723,0.895,2.98,34738:37,23,1,32,33,569
Jaroslav Halak,L,581,555,295,189,,69,16394,15004,1390,0.915,2.5,33302:41,53,0,13,13,16
Mike Liut,L,663,644,293,271,74,,18880,16662,2218,0.883,3.49,38097:37,25,0,13,13,22
Ed Giacomin,L,610,599,290,209,96,,17124,15452,1672,0.902,2.82,35580:53,54,0,9,9,68
Semyon Varlamov,L,621,593,289,232,,71,18625,17053,1572,0.916,2.65,35629:29,41,0,8,8,24
Jose Theodore,R,648,612,286,254,30,39,17983,16348,1635,0.909,2.68,36606:06,33,1,16,17,40
Dan Bouchard,L,656,638,286,233,113,,18746,16683,2063,0.89,3.27,37909:43,27,0,28,28,255
Tiny Thompson,L,553,553,284,194,75,,,,1179,--,2.07,34175:20,81,0,1,1,0
Brian Elliott,L,543,496,279,167,,54,14251,12961,1290,0.909,2.57,30140:20,45,0,11,11,12
Marty Turco,L,543,516,275,167,26,40,13447,12231,1216,0.91,2.36,30955:27,41,0,22,22,168
Bernie Parent,L,608,590,271,198,119,,17562,16069,1493,0.915,2.55,35065:00,54,0,12,12,116
Kelly Hrudey,L,677,625,271,265,88,,20311,18137,2174,0.893,3.43,38058:42,17,0,16,16,173
Gilles Meloche,R,788,757,270,351,131,,23893,21138,2755,0.885,3.65,45322:14,20,0,22,22,109
Don Beaupre,L,666,620,268,277,75,,18674,16523,2151,0.885,3.46,37344:54,17,0,8,8,268
Felix Potvin,L,635,620,266,260,85,,17864,16170,1694,0.905,2.76,36766:30,32,0,16,16,82
Jean-Sebastien Giguere,L,597,557,262,216,25,50,16325,14902,1423,0.913,2.53,33718:36,38,0,7,7,98
Corey Crawford,L,488,474,260,162,,53,13924,12778,1146,0.918,2.45,28119:26,26,0,9,9,18
Ken Dryden,L,397,389,258,57,74,,11083,10213,870,0.922,2.24,23328:54,46,0,19,19,12
Devan Dubnyk,L,542,514,253,206,,54,15532,14194,1338,0.914,2.61,30792:43,33,0,8,8,46
Frank Brimsek,L,514,514,252,182,80,,,,1403,--,2.7,31229:40,40,0,0,0,6
Cam Talbot,L,505,483,251,185,,44,14638,13368,1271,0.913,2.65,28809:50,32,0,7,7,39
Johnny Bower,L,552,537,250,192,90,,14658,13513,1336,--,2.51,31988:15,37,0,3,3,36
Jimmy Howard,L,543,523,246,196,,70,15313,13970,1343,0.912,2.62,30754:53,24,0,9,9,36
Pete Peeters,L,489,467,246,156,51,,12516,11089,1427,0.886,3.09,27704:40,21,0,14,14,177
George Hainsworth,L,465,465,246,144,74,,,,938,--,1.93,29089:07,94,0,0,0,4
Kirk McLean,L,612,578,245,262,72,,16867,14963,1904,0.887,3.26,35043:56,22,0,23,23,58
Antti Niemi,L,464,443,242,140,,57,12712,11589,1123,0.912,2.57,26265:38,36,0,12,12,8
Bill Ranford,L,647,613,240,279,76,,18272,16230,2042,0.888,3.41,35928:36,15,0,24,24,65
Jocelyn Thibault,L,586,551,238,238,68,7,15706,14198,1508,0.904,2.75,32893:06,39,0,6,6,18
Martin Jones,L,466,449,236,171,,36,12643,11446,1199,0.905,2.72,26489:54,30,0,4,4,4
Eddie Johnston,L,592,569,236,256,78,,17740,15888,1852,0.896,3.25,34175:23,32,0,10,10,26
Rejean Lemelin,L,506,461,236,161,63,,13879,12270,1609,0.884,3.46,27912:37,12,0,17,17,109
Jacob Markstrom,L,512,495,234,202,,59,14551,13229,1322,0.909,2.69,29452:47,23,0,19,19,42
Glenn Resch,L,571,524,231,224,82,,16164,14403,1761,0.891,3.28,32214:34,26,0,16,16,70
Martin Biron,L,508,473,230,191,25,27,13893,12646,1247,0.91,2.61,28612:20,28,0,14,14,81
Dwayne Roloson,L,606,556,227,257,42,40,16942,15390,1552,0.908,2.72,34296:07,29,0,14,14,96
Gerry Cheevers,L,418,407,227,104,76,,11817,10643,1174,0.901,2.89,24374:37,26,0,11,11,214
Ken Wregget,L,575,524,225,248,53,,16662,14746,1916,0.885,3.63,31644:23,9,0,24,24,182
Ben Bishop,L,413,397,222,128,,36,11360,10457,903,0.921,2.32,23316:38,33,0,12,12,34
Ilya Bryzgalov,L,465,445,221,162,0,54,13011,11870,1141,0.912,2.58,26550:43,34,0,12,12,20
John Ross Roach,L,491,491,219,204,68,,,,1246,--,2.46,30405:06,58,0,1,1,0
Arturs Irbe,L,568,537,218,236,79,,15033,13520,1513,0.899,2.83,32064:40,33,0,9,9,90
James Reimer,L,509,464,216,181,,64,14890,13550,1340,0.91,2.88,27885:25,30,0,3,3,20
Greg Millen,R,604,582,215,284,89,,18002,15721,2281,0.873,3.88,35299:14,17,0,18,18,72
Tim Thomas,L,426,408,214,145,0,49,12822,11795,1027,0.92,2.52,24446:10,31,0,7,7,43
Tommy Salo,L,526,507,210,225,73,,13591,12295,1296,0.905,2.55,30435:29,37,0,7,7,67
Don Edwards,L,459,439,208,155,74,,12828,11380,1448,0.887,3.32,26141:56,16,0,15,15,42
Bill Durnan,L,383,383,208,112,62,,,,901,--,2.36,22944:51,34,0,1,1,9
Roger Crozier,R,515,496,206,194,72,,14869,13423,1446,0.903,3.04,28540:41,29,0,3,3,42
Steve Mason,R,476,458,205,183,,64,13559,12348,1211,0.911,2.7,26947:01,34,0,12,12,22
Rick Wamsley,L,407,391,204,131,46,,10823,9536,1287,0.881,3.34,23096:28,12,0,9,9,52
Dave Kerr,R,430,427,204,149,76,,,,954,--,2.14,26807:22,51,0,0,0,0
Jake Allen,L,441,419,200,174,,43,12372,11225,1148,0.907,2.77,24898:56,26,0,6,6,14
Patrick Lalime,L,444,412,200,174,32,16,11370,10285,1085,0.905,2.58,25241:15,35,0,6,6,58
Lorne Chabot,L,413,409,200,146,62,,,,857,--,2.02,25432:20,71,0,0,0,10
John Gibson,L,489,478,198,211,,62,14961,13614,1348,0.91,2.9,27916:15,24,0,6,6,68
Jonas Hiller,R,404,375,197,140,,37,11222,10262,960,0.914,2.55,22600:09,23,0,8,8,2
Niklas Backstrom,L,413,394,196,144,,50,11392,10417,975,0.914,2.49,23479:51,28,0,5,5,22
Alec Connell,R,418,417,193,156,68,,,,836,--,1.92,26175:44,81,0,0,0,4
Gilles Gilbert,L,416,397,192,143,60,,11062,9772,1290,0.883,3.27,23643:03,18,0,9,9,105
Guy Hebert,L,491,467,191,222,56,,14400,13093,1307,0.909,2.81,27888:08,28,0,6,6,22
Juuse Saros,L,379,362,190,134,,38,11398,10441,957,0.916,2.64,21731:52,26,0,8,8,6
Cesare Maniago,L,568,545,190,257,97,,17985,16212,1773,0.901,3.27,32542:15,30,0,4,4,71
Clint Benedict,L,362,362,189,142,28,,,,860,--,2.32,22271:05,57,0,0,0,9
Darcy Kuemper,L,406,385,187,137,,51,11542,10548,996,0.914,2.6,22962:40,32,0,5,5,36
Manny Legace,L,365,337,187,99,18,23,9151,8342,809,0.912,2.41,20139:46,24,0,9,9,12
Ron Tugnutt,L,537,489,186,239,62,,14200,12703,1497,0.895,3.05,29482:05,26,0,7,7,12
Bob Sauve,L,420,386,182,154,54,,11050,9673,1377,0.875,3.49,23662:14,8,0,15,15,57
Daren Puppa,R,429,407,179,161,54,,11676,10472,1204,0.897,3.03,23814:35,19,0,18,18,48
Petr Mrazek,L,412,381,175,168,,39,11586,10506,1081,0.907,2.82,23028:45,25,0,5,5,32
Bob Essensa,L,446,391,173,176,47,,12099,10829,1270,0.895,3.15,24215:50,18,0,15,15,26
Gary Smith,L,531,510,173,256,74,,15779,14104,1675,0.894,3.4,29577:48,26,0,7,7,179
Cory Schneider,L,410,389,171,159,,58,11513,10568,945,0.918,2.43,23304:25,26,0,9,9,4
Byron Dafoe,L,415,399,171,170,56,,10897,9846,1051,0.904,2.69,23478:39,26,0,8,8,68
Roy Worters,L,484,484,171,230,82,,,,1145,--,2.28,30161:54,67,0,0,0,0
Jon Casey,L,425,384,170,157,55,,11153,9907,1246,0.888,3.22,23246:43,16,0,13,13,126
Glen Hanlon,R,476,423,167,202,61,,13400,11839,1561,0.884,3.61,25976:26,13,0,11,11,210
Jeff Hackett,L,500,465,166,244,56,,13873,12512,1361,0.902,2.9,28124:10,26,0,9,9,62
Glenn Healy,L,437,396,166,190,47,,12041,10680,1361,0.887,3.37,24253:14,13,0,15,15,93
Jonathan Bernier,L,404,363,165,163,,40,11662,10640,1022,0.912,2.77,22104:37,18,0,8,8,14
Stephane Fiset,L,390,365,164,153,44,,11078,9964,1114,0.899,3.07,21784:45,16,0,12,12,38
Thomas Greiss,L,368,323,162,130,,37,10160,9258,903,0.911,2.77,19568:27,16,0,4,4,16
Philipp Grubauer,L,358,325,162,132,,32,9490,8626,864,0.909,2.63,19711:10,22,0,6,6,6
Johan Hedberg,L,373,329,161,143,14,22,9918,8941,977,0.901,2.82,20758:10,22,0,10,10,96
Jim Henry,L,405,404,161,174,69,,,,1150,--,2.84,24263:43,28,0,0,0,0
Michel Larocque,L,312,293,160,89,45,,8307,7329,978,0.882,3.34,17592:05,17,0,18,18,18
Roman Turek,R,328,318,159,115,43,,7886,7152,734,0.907,2.31,19094:23,27,0,12,12,30
Peter Budaj,L,368,329,158,132,,40,9451,8542,909,0.904,2.7,20215:38,18,0,11,11,20
Ondrej Pavelec,L,398,374,156,167,,48,11494,10425,1069,0.907,2.88,22302:40,18,0,6,6,12
Jordan Binnington,L,307,299,154,108,,34,8912,8080,832,0.907,2.81,17794:37,17,0,7,7,59
Pat Riggin,L,350,330,153,120,52,,9399,8264,1135,0.879,3.43,19827:45,11,0,8,8,41
Charlie Hodge,L,358,342,153,130,62,,9543,8649,924,--,2.7,20499:24,24,0,0,0,10
Robin Lehner,L,364,345,152,141,,49,11131,10202,929,0.917,2.71,20583:21,17,0,6,6,36
Chris Terreri,L,406,360,151,172,43,,10618,9475,1143,0.892,3.07,22368:18,9,0,13,13,37
Jim Rutherford,L,457,442,151,227,59,,13066,11491,1575,0.879,3.66,25850:35,14,0,15,15,62
Linus Ullmark,L,270,260,150,80,,25,7933,7285,649,0.918,2.5,15572:33,11,1,4,5,12
Mike Palmateer,R,356,345,149,138,52,,10605,9422,1183,0.888,3.53,20085:10,17,0,25,25,118
Phil Myre,L,439,418,149,198,76,,12801,11320,1481,0.884,3.53,25182:50,14,0,10,10,99
Tim Cheveldae,L,340,321,149,136,37,,9529,8413,1116,0.883,3.49,19171:18,10,0,16,16,18
Matt Murray,L,274,266,147,87,,24,8074,7349,725,0.91,2.8,15542:36,15,0,5,5,10
Igor Shesterkin,L,239,234,146,73,,18,7162,6586,577,0.92,2.49,13877:16,16,0,3,3,12
Wayne Stephenson,L,328,304,146,103,50,,8655,7718,937,0.892,3.07,18308:05,14,0,3,3,43
Denis Herron,L,462,428,146,203,76,,14254,12676,1578,0.889,3.71,25551:25,10,0,9,9,89
Ray Emery,L,287,252,145,86,0,28,7432,6735,697,0.906,2.7,15487:41,16,0,4,4,79
Alexandar Georgiev,L,276,262,145,92,,22,7962,7213,751,0.906,2.9,15513:59,15,0,8,8,6
Tristan Jarry,L,274,263,144,91,,27,7848,7141,708,0.91,2.75,15432:58,19,1,10,11,22
Mathieu Garon,R,341,302,144,131,3,28,8938,8073,865,0.903,2.83,18341:13,20,0,7,7,28
Manny Fernandez,L,325,308,143,123,24,11,8803,8028,775,0.912,2.5,18580:22,15,0,6,6,40
Brian Hayward,L,357,329,143,156,37,,9842,8601,1241,0.874,3.72,19991:22,8,0,13,13,85
Mike Dunham,L,394,367,141,178,39,5,10701,9712,989,0.908,2.74,21653:27,19,0,5,5,16
Clint Malarchuk,L,337,314,141,130,45,,9572,8472,1100,0.885,3.47,19012:02,12,0,15,15,134
Brent Johnson,L,309,279,140,112,13,18,7717,6973,744,0.904,2.63,16978:24,14,0,10,10,52
Trevor Kidd,L,387,356,140,162,52,,10237,9223,1014,0.901,2.84,21426:59,19,0,13,13,36
Al Rollins,L,430,428,140,206,82,,4657,4235,1189,--,2.77,25711:05,28,0,1,1,43
Antti Raanta,L,277,251,139,80,,29,7308,6685,623,0.915,2.48,15087:31,20,0,3,3,2
Dan Cloutier,L,351,321,139,142,33,4,8625,7751,874,0.899,2.77,18928:38,15,0,5,5,147
Chuck Rayner,L,425,424,138,207,78,,,,1291,--,3.03,25550:29,25,0,0,0,26
Chris Mason,L,317,274,137,113,1,31,8324,7570,754,0.909,2.66,17002:06,23,1,3,4,12
Garth Snow,L,368,321,135,147,43,1,9298,8373,925,0.901,2.8,19837:56,16,0,5,5,190
Richard Brodeur,L,385,373,131,175,62,,11024,9614,1410,0.872,3.86,21901:24,6,0,8,8,26
Jake Oettinger,L,220,211,130,57,,24,5978,5456,523,0.913,2.49,12601:38,11,0,5,5,8
Rick DiPietro,R,318,309,130,136,8,28,8915,8044,871,0.902,2.87,18198:06,16,0,19,19,129
Cristobal Huet,L,272,250,129,90,11,21,7216,6591,625,0.913,2.46,15261:21,24,0,3,3,10
Vesa Toskala,L,266,242,129,82,5,25,6957,6278,679,0.902,2.76,14767:04,13,0,10,10,16
Roland Melanson,L,291,271,129,106,33,,8522,7527,995,0.883,3.64,16421:44,6,0,12,12,109
Bob Froese,L,242,223,128,72,20,,6298,5604,694,0.89,3.1,13433:31,13,0,10,10,90
Doug Favell,L,373,349,124,153,70,,11484,10388,1096,0.905,3.17,20727:49,18,0,8,8,152
Gerry Desjardins,L,332,324,123,148,46,,9673,8632,1041,0.892,3.29,18982:39,12,0,3,3,39
John Davidson,L,301,289,123,124,39,,8860,7856,1004,0.887,3.53,17079:31,7,0,7,7,60
Joonas Korpisalo,L,289,262,122,111,,30,8206,7394,813,0.901,3.05,16011:13,6,0,3,3,6
Denis DeJordy,L,317,299,120,128,54,,9502,8573,929,0.902,3.14,17776:25,15,0,3,3,2
Brian Boucher,L,328,288,120,139,30,15,8272,7450,822,0.901,2.71,18218:50,17,0,3,3,18
Gerry McNeil,L,276,275,119,105,52,,252,221,645,--,2.34,16533:09,28,0,0,0,2
Thatcher Demko,L,225,219,118,82,,20,6941,6324,617,0.911,2.81,13174:11,8,0,5,5,6
Murray Bannerman,R,289,282,116,125,33,,8784,7733,1051,0.88,3.84,16426:58,8,0,10,10,37
Greg Stefan,L,299,282,115,127,30,,8096,7028,1068,0.868,3.93,16293:35,5,0,15,15,199
Anton Khudobin,L,260,238,114,92,,33,7145,6542,603,0.916,2.52,14361:44,11,0,8,8,16
Mike Karakas,L,336,336,114,169,53,,,,1000,--,2.91,20618:00,28,0,1,1,4
Martin Gerber,L,229,214,113,78,7,14,6349,5783,566,0.911,2.63,12920:01,10,0,7,7,30
Andrew Raycroft,L,280,250,113,114,10,17,7339,6607,732,0.9,2.89,15191:32,9,0,3,3,14
Mark Fitzpatrick,L,329,295,113,136,49,,9195,8242,953,0.896,3.12,18327:59,8,0,12,12,85
Marc Denis,L,349,320,112,179,28,3,10044,9062,982,0.902,3.02,19526:06,16,0,6,6,32
Steve Weeks,L,291,260,112,119,33,,7705,6715,990,0.872,3.73,15926:55,5,0,7,7,21
Charlie Gardiner,R,316,316,112,151,52,,,,664,--,2.02,19687:00,42,0,0,0,2
Bruce Gamble,L,328,304,111,152,46,,10585,9592,993,0.906,3.23,18469:57,22,0,1,1,24
Ilya Samsonov,L,184,172,111,42,,22,4988,4508,480,0.904,2.76,10428:39,14,0,4,4,4
Roman Cechmanek,L,212,205,110,64,28,,5161,4742,419,0.919,2.08,12086:16,25,0,1,1,24
Craig Billington,L,332,283,110,149,31,,8388,7354,1034,0.877,3.63,17090:35,9,0,6,6,42
Doug Soetaert,L,284,258,110,104,42,,7759,6730,1029,0.867,3.97,15552:43,6,0,7,7,68
Ilya Sorokin,L,218,214,106,76,,34,6597,6048,551,0.917,2.59,12779:55,19,0,3,3,2
David Aebischer,L,214,198,106,74,12,5,5807,5294,513,0.912,2.52,12229:30,13,0,5,5,30
Michal Neuvirth,L,257,228,105,93,,26,6984,6358,626,0.91,2.71,13852:01,11,0,4,4,6
Kevin Weekes,L,348,317,105,163,33,6,9262,8359,903,0.903,2.88,18836:43,19,0,3,3,18
David Rittich,L,216,191,103,65,,24,5646,5110,536,0.905,2.76,11657:42,7,0,1,1,30
Wayne Thomas,L,243,227,103,93,34,,7012,6246,766,0.891,3.34,13741:50,10,0,7,7,41
Georges Vezina,L,190,190,103,81,5,,,,633,--,3.28,11570:40,13,0,1,1,2
Ron Low,L,382,345,102,203,38,,11192,9729,1463,0.869,4.29,20464:56,4,0,8,8,45
Don Simmons,R,249,240,100,102,41,,7287,6586,701,0.904,2.89,14540:58,20,0,0,0,14
Gilles Villemure,R,205,190,100,64,29,,5356,4814,542,0.899,2.81,11561:29,13,0,2,2,10
Damian Rhodes,L,309,289,99,140,48,,8105,7285,820,0.899,2.84,17339:10,12,1,6,7,34
Wilf Cude,L,281,280,98,132,50,,,,798,--,2.73,17515:00,24,0,0,0,0
John Grahame,L,224,202,97,86,14,4,5612,5038,574,0.898,2.79,12362:49,12,0,9,9,51
Ty Conklin,L,215,182,96,67,4,17,5484,4968,516,0.906,2.69,11527:00,17,0,3,3,37
Carter Hart,L,227,218,96,93,,29,6630,6005,625,0.906,2.94,12751:05,6,0,2,2,2
Roy Edwards,R,236,219,96,90,35,,6493,5856,637,0.902,2.92,13087:41,12,0,2,2,6
Doug Keans,L,210,187,96,64,26,,5269,4603,666,0.874,3.51,11373:32,4,0,6,6,53
Antero Niittymaki,L,234,211,95,86,0,31,6599,5954,645,0.902,2.95,13113:22,5,0,3,3,6
Al Jensen,L,179,163,95,53,18,,4655,4098,557,0.88,3.36,9949:43,8,0,4,4,44
Carter Hutton,L,235,207,94,90,,27,6279,5699,580,0.908,2.76,12607:07,13,0,5,5,16
Curtis McElhinney,L,249,198,94,95,,20,6639,6024,615,0.907,2.83,13018:26,12,0,4,4,4
Vitek Vanecek,L,177,165,94,50,,18,4752,4293,459,0.903,2.79,9874:08,9,0,5,5,2
Jack Campbell,L,176,164,93,52,,18,5002,4547,455,0.909,2.76,9879:20,10,0,3,3,2
Rick Tabaracci,L,286,252,93,125,30,,7100,6340,760,0.893,2.99,15255:33,15,0,8,8,72
Jeremy Swayman,L,158,151,92,43,,18,4305,3935,370,0.914,2.44,9107:17,14,0,1,1,8
Michel Plasse,L,298,283,92,136,53,,8869,7811,1058,0.881,3.79,16740:36,2,0,9,9,52
Mario Lessard,L,240,222,92,97,39,,6714,5870,844,0.874,3.75,13493:14,9,0,6,6,30
Alex Auld,L,237,207,91,88,2,30,6293,5687,606,0.904,2.8,12985:26,6,0,7,7,12
Mario Gosselin,L,241,207,91,106,14,,6177,5377,800,0.87,3.74,12834:27,6,0,9,9,42
Alain Chevrier,L,234,209,91,100,14,,6185,5340,845,0.863,4.16,12190:18,2,0,11,11,35
Gary Edwards,L,286,266,88,125,51,,8038,7065,973,0.879,3.65,15980:00,10,0,7,7,48
Dan Ellis,L,212,181,87,79,0,18,5579,5053,526,0.906,2.79,11305:38,15,0,6,6,6
Pelle Lindbergh,L,157,152,87,49,15,,4432,3929,503,0.887,3.31,9125:07,7,0,5,5,10
Bill Beveridge,L,295,293,87,166,41,,,,873,--,2.87,18242:50,18,0,0,0,0
Jamie Storr,L,219,186,85,86,23,,5317,4829,488,0.908,2.54,11511:35,16,0,3,3,26
Stuart Skinner,L,147,142,85,44,,13,4134,3750,385,0.907,2.73,8470:16,5,0,2,2,0
Mikko Koskinen,L,168,157,85,60,,13,4997,4527,470,0.906,3.01,9382:30,6,0,4,4,6
Mackenzie Blackwood,L,220,206,85,92,,25,6613,5988,626,0.905,3.04,12355:16,11,0,1,1,4
Vincent Riendeau,L,184,164,85,65,20,,4780,4207,573,0.88,3.3,10423:39,5,0,4,4,14
Jake Forbes,L,210,210,85,114,11,,,,594,--,2.76,12922:42,19,0,0,0,2
Jacques Cloutier,L,255,197,82,102,24,,6168,5392,776,0.874,3.64,12803:46,3,0,7,7,51
Fred Brathwaite,L,254,215,81,99,37,,6344,5715,629,0.901,2.73,13840:25,15,0,3,3,12
Daniel Berthiaume,L,215,195,81,90,21,,5844,5130,714,0.878,3.68,11653:44,5,0,4,4,34
Paul Bibeault,L,215,213,81,106,25,,,,781,--,3.63,12901:00,10,0,0,0,2
Normie Smith,L,198,198,81,82,35,,,,479,--,2.33,12357:00,17,0,0,0,0
Adin Hill,L,159,146,80,56,,10,4285,3895,391,0.909,2.68,8766:54,9,0,4,4,4
Chad Johnson,L,192,164,80,72,,15,5057,4589,468,0.907,2.73,10299:16,8,0,3,3,0
Steve Shields,L,246,218,80,104,39,1,6510,5904,606,0.907,2.67,13631:34,10,0,2,2,78
Jean-Sebastien Aubin,R,218,182,80,83,11,5,5455,4908,547,0.9,2.93,11198:13,7,0,3,3,10
Jamie McLennan,L,254,220,80,109,33,3,6036,5419,617,0.898,2.68,13834:45,13,0,3,3,54
Richard Sevigny,L,176,151,80,54,20,,4355,3848,507,0.884,3.21,9462:37,5,0,1,1,84
Dunc Wilson,L,287,267,80,150,32,,8417,7429,988,0.883,3.75,15810:30,8,0,4,4,83
Elvis Merzlikins,L,214,200,79,88,,33,6464,5835,629,0.903,3.19,11831:47,11,0,4,4,18
Jim Carey,L,172,164,79,65,16,,4066,3650,416,0.898,2.58,9667:58,16,0,1,1,8
Peter Sidorkiewicz,L,246,228,79,128,27,,6465,5633,832,0.871,3.6,13882:58,8,0,9,9,20
Robert Esche,L,186,170,78,64,16,6,4616,4152,464,0.899,2.75,10139:49,10,0,8,8,65
Dominic Roussel,L,205,169,77,70,23,,5299,4744,555,0.895,3.12,10666:12,7,0,4,4,33
Casey DeSmith,L,173,150,74,57,,21,4863,4423,441,0.91,2.8,9445:22,11,0,2,2,8
Scott Clemmensen,L,191,154,73,59,0,24,4931,4463,468,0.905,2.79,10059:51,7,0,3,3,4
Al Smith,L,231,209,73,99,36,,6281,5547,734,0.883,3.46,12725:58,10,0,7,7,122
Allan Bester,L,219,197,73,99,17,,6684,5899,785,0.883,4.01,11750:26,7,0,8,8,32
Jonas Gustavsson,L,179,157,72,67,,23,4717,4251,466,0.901,2.88,9720:58,7,0,4,4,10
Logan Thompson,R,121,113,70,34,,13,3512,3205,307,0.913,2.63,7008:50,4,0,3,3,2
Alex Stalock,L,179,148,70,65,,20,4711,4279,432,0.908,2.7,9612:02,11,0,4,4,28
Keith Kinkaid,L,169,146,70,58,,21,4735,4287,448,0.905,2.91,9240:57,8,0,3,3,4
Ville Husso,L,140,134,70,44,,18,4034,3636,398,0.901,3.03,7872:16,7,0,1,1,4
Dave Dryden,L,203,169,69,76,27,,5304,4750,554,0.896,3.2,10399:40,9,0,4,4,4
Filip Gustavsson,L,136,128,68,46,,17,4010,3665,345,0.914,2.64,7846:42,8,1,2,3,0
John Garrett,L,207,193,68,91,37,,6244,5407,837,0.866,4.28,11737:36,1,0,6,6,41
Al Montoya,L,168,136,67,49,,24,4418,4013,405,0.908,2.65,9169:59,7,0,5,5,12
Anton Forsberg,L,171,158,67,75,,11,4846,4381,465,0.904,3.09,9022:39,7,0,2,2,6
Darcy Wakaluk,L,191,158,67,75,21,,4739,4215,524,0.889,3.22,9755:45,9,0,6,6,90
Ed Staniowski,L,219,193,67,104,21,,6247,5429,818,0.869,4.07,12049:43,2,0,10,10,10
Alex Nedeljkovic,L,156,139,66,50,,25,4525,4091,434,0.904,2.98,8727:10,8,0,3,3,8
Johnny Mowers,L,152,152,65,61,26,,,,399,--,2.56,9350:00,15,0,0,0,2
Laurent Brossoit,L,140,118,64,46,,13,3746,3412,334,0.911,2.64,7597:35,6,0,1,1,2
Eddie Mio,L,192,174,64,73,30,,5303,4598,705,0.867,4.07,10405:29,4,0,11,11,32
Charlie Lindgren,R,128,120,63,47,,12,3642,3305,338,0.907,2.78,7300:12,8,0,1,1,2
Jason LaBarbera,L,187,148,62,73,0,20,4933,4476,457,0.907,2.85,9614:50,6,0,2,2,10
Mikhail Shtalenkov,L,190,160,62,82,19,,4722,4242,480,0.898,2.89,9965:17,8,0,6,6,14
Sam Montembeault,L,173,156,62,74,,23,5179,4652,527,0.898,3.3,9569:56,4,0,3,3,0
Pascal Leclaire,L,173,164,61,76,0,15,4698,4245,453,0.904,2.89,9406:02,10,0,4,4,8
Josh Harding,R,151,124,60,59,,11,3984,3657,327,0.918,2.45,7993:59,10,0,2,2,6
Karri Ramo,L,159,146,60,63,,18,4388,3974,414,0.906,2.85,8720:19,5,0,4,4,16
Louis Domingue,R,143,127,60,60,,10,4143,3751,392,0.905,3.02,7785:39,2,0,2,2,6
Kay Whitmore,L,155,140,60,64,16,,4050,3542,508,0.875,3.55,8596:48,4,0,9,9,39
Michel Dion,L,227,216,60,118,32,,6922,6024,898,0.87,4.26,12659:19,2,0,6,6,24
Earl Robertson,L,190,190,60,95,34,,,,575,--,2.92,11820:00,16,0,0,0,0
Anders Nilsson,L,161,144,59,74,,15,4882,4428,454,0.907,3.06,8900:33,6,0,3,3,6
Kevin Lankinen,L,135,124,59,48,,16,4015,3635,380,0.905,2.99,7632:27,6,0,4,4,4
Wendell Young,L,187,141,59,86,12,,4969,4351,618,0.876,3.94,9402:52,2,0,10,10,20
Ukko-Pekka Luukkonen,L,126,122,58,52,,13,3663,3307,357,0.903,2.98,7196:57,6,0,3,3,10
Les Binkley,R,196,185,58,94,34,,5612,5038,574,0.898,3.12,11026:35,11,0,1,1,2
Gary Inness,L,162,140,58,61,27,,4565,4071,494,0.892,3.41,8689:00,2,0,5,5,12
Michael Hutchinson,R,154,127,57,62,,18,4043,3649,395,0.903,2.94,8071:27,6,0,2,2,0
Ed Chadwick,L,184,184,57,92,35,,5448,4907,541,0.901,2.94,11032:18,14,0,0,0,0
Eddie Lack,L,144,126,56,55,,18,3832,3483,349,0.909,2.62,7996:24,9,0,2,2,2
Calvin Pickard,L,152,125,55,65,,11,4082,3689,393,0.904,2.9,8140:47,5,0,3,3,6
Bob Mason,R,145,137,55,65,16,,4137,3637,500,0.879,3.76,7974:50,1,0,4,4,6
Scott Darling,L,126,112,54,42,,18,3484,3165,319,0.908,2.72,7041:48,4,0,0,0,2
Gary Bromley,L,136,122,54,44,28,,3379,2954,425,0.874,3.44,7420:07,7,0,6,6,12
Scott Wedgewood,L,141,123,53,52,,23,4119,3732,387,0.906,2.96,7845:45,7,0,0,0,2
Jeff Reese,L,174,136,53,65,17,,4380,3851,529,0.879,3.66,8667:10,5,0,8,8,30
Anthony Stolarz,L,125,100,52,36,,11,3417,3132,286,0.917,2.61,6576:54,9,0,4,4,4
Pyotr Kochetkov,L,91,87,52,27,,9,2257,2048,209,0.907,2.4,5214:47,9,0,3,3,10
Karel Vejmelka,R,161,150,52,84,,13,5004,4508,499,0.901,3.34,8970:27,5,0,2,2,4
Peter Skudra,L,146,105,51,47,20,,3078,2752,326,0.894,2.73,7162:17,6,0,2,2,6
Jhonas Enroth,L,153,132,50,69,,16,4379,3982,397,0.909,2.84,8388:57,7,0,0,0,2
Aaron Dell,L,130,106,50,50,,13,3518,3183,335,0.905,2.92,6873:59,5,0,1,1,2
Ron Grahame,L,114,104,50,43,15,,3052,2643,409,0.866,3.8,6466:21,5,0,3,3,10
Kaapo Kahkonen,L,140,132,49,68,,15,4228,3797,431,0.898,3.34,7744:21,4,0,2,2,8
Rick St. Croix,L,131,119,49,54,18,,3637,3184,453,0.875,3.74,7276:51,2,0,2,2,2
Bert Gardiner,L,144,144,49,68,27,,,,554,--,3.79,8760:00,3,0,1,1,0
Pasi Nurminen,L,125,116,48,54,12,,3519,3181,338,0.904,2.87,7059:32,5,0,5,5,39
Johan Holmqvist,L,99,92,48,34,0,9,2389,2127,262,0.89,2.99,5263:45,3,0,4,4,6
Flat Walsh,L,111,107,48,44,15,,,,258,--,2.32,6682:00,12,0,0,0,0
Ben Scrivens,L,144,130,47,64,,17,4095,3708,387,0.905,2.92,7956:07,7,0,2,2,20
Curtis Sanford,L,144,120,47,55,0,15,3472,3139,333,0.904,2.72,7353:44,6,0,1,1,4
Andy Aitkenhead,L,106,106,47,43,16,,,,257,--,2.35,6570:00,11,0,0,0,0
Hank Bassen,L,157,142,47,65,31,,3677,3305,435,--,2.98,8768:23,5,0,2,2,38
Cal Petersen,R,106,98,46,44,,10,3110,2808,302,0.903,2.96,6111:48,4,0,1,1,2
Roberto Romano,L,126,114,46,63,8,,3905,3434,471,0.879,3.99,7086:52,4,0,1,1,6
Eldon Reddick,L,132,116,46,58,16,,3479,3036,443,0.873,3.71,7160:35,0,0,1,1,20
Frank Pietrangelo,L,141,116,46,59,6,,3843,3353,490,0.872,4.12,7137:35,1,0,3,3,36
Jack Gelineau,L,143,143,46,64,33,,,,447,--,3.13,8579:17,7,0,0,0,4
Mike Condon,L,129,117,45,58,,17,3518,3185,333,0.905,2.79,7148:49,6,0,2,2,4
Anders Lindback,L,130,102,45,58,,8,3403,3076,327,0.904,2.87,6844:04,3,0,4,4,6
Mikael Tellqvist,L,113,93,45,41,2,8,2967,2664,303,0.898,3.01,6033:32,6,0,2,2,2
Tommy Soderstrom,L,156,135,45,69,19,,4265,3769,496,0.884,3.63,8188:40,10,0,2,2,13
Pavel Francouz,R,73,65,44,21,,6,2132,1960,172,0.919,2.49,4140:18,4,0,1,1,2
Joey MacDonald,L,133,112,44,61,,15,3748,3381,367,0.902,3.0,7331:26,2,0,1,1,8
Pheonix Copley,L,77,69,44,16,,8,1988,1786,202,0.898,2.84,4262:08,3,0,2,2,19
Bob Janecyk,L,111,106,44,47,13,,3278,2843,435,0.867,4.15,6285:38,2,0,4,4,46
Alex Lyon,L,96,85,43,34,,10,2713,2450,264,0.903,3.03,5226:59,4,0,1,1,4
Jussi Markkanen,L,128,102,43,47,8,7,2992,2695,297,0.901,2.7,6610:14,7,0,2,2,4
Dan Vladar,L,93,84,43,30,,15,2498,2231,269,0.893,3.08,5247:40,4,0,2,2,2
Pete Lopresti,L,175,165,43,102,20,,5238,4570,668,0.872,4.07,9843:42,5,0,3,3,6
Corey Schwab,L,147,118,42,63,13,,3474,3114,360,0.896,2.89,7474:33,6,0,6,6,53
Ernie Wakely,L,113,98,41,42,17,,3091,2802,289,0.907,2.78,6233:08,8,0,2,2,2
Mike Veisor,R,139,131,41,62,26,,4437,3906,531,0.88,4.09,7780:51,5,0,3,3,2
Hap Holmes,L,103,103,39,54,10,,,,264,--,2.48,6388:50,17,0,0,0,0
Spencer Knight,L,71,62,38,23,,7,1939,1750,189,0.903,2.9,3908:59,4,0,2,2,0
Ross Brooks,L,54,49,37,7,6,,1388,1254,134,0.903,2.64,3044:40,4,0,1,1,2
Michael Leighton,L,110,96,37,43,10,4,2985,2687,298,0.9,2.98,6003:43,4,0,4,4,6
Samuel Ersson,L,81,76,37,28,,9,1955,1739,216,0.89,2.93,4428:31,6,0,0,0,4
Kari Takko,L,142,112,37,71,14,,3906,3431,475,0.878,3.9,7304:47,1,0,2,2,30
Connor Ingram,L,93,90,36,40,,14,2846,2567,279,0.902,3.17,5281:50,7,0,3,3,4
Malcolm Subban,L,87,78,36,34,,9,2432,2184,248,0.898,3.1,4804:49,3,0,0,0,6
Fredrik Norrena,L,100,85,35,45,,11,2409,2166,243,0.899,2.79,5234:51,5,0,1,1,6
Steve Penney,R,91,85,35,38,12,,2225,1912,313,0.859,3.63,5180:24,1,0,1,1,15
Dolly Dolson,L,93,93,35,41,17,,,,192,--,1.98,5820:00,16,0,0,0,0
Hal Winkler,L,75,75,35,26,14,,,,123,--,1.58,4676:45,21,0,0,0,0
Joey Daccord,L,92,84,34,36,,15,2547,2313,234,0.908,2.7,5198:59,4,0,0,0,0
Joe Daley,L,105,93,34,44,19,,3240,2914,326,0.899,3.36,5825:18,3,0,1,1,16
Corey Hirsch,L,108,92,34,45,14,,2895,2594,301,0.896,3.13,5774:38,4,0,3,3,8
Jim Hrivnak,L,85,66,34,30,3,,2127,1865,262,0.877,3.73,4216:24,0,0,5,5,2
Marco Baron,L,86,79,34,38,9,,2155,1863,292,0.865,3.64,4813:51,1,0,4,4,56
Frank McCool,L,72,72,33,32,7,,,,242,--,3.36,4320:00,4,0,0,0,5
Marcel Paille,L,107,105,32,52,22,,3475,3113,362,0.896,3.43,6340:28,2,0,1,1,2
Emile Francis,L,95,94,32,52,10,,,,354,--,3.75,5660:00,1,0,0,0,6
Chris Driedger,L,67,60,31,24,,5,1812,1661,151,0.917,2.45,3696:56,5,0,2,2,4
Andrew Hammond,L,67,59,31,20,,7,1863,1706,157,0.916,2.56,3678:18,4,0,1,1,2
Joseph Woll,L,52,49,31,19,,1,1553,1415,138,0.911,2.71,3060:19,2,0,0,0,2
Martin Prusek,R,57,49,31,12,4,0,1246,1132,114,0.909,2.36,2897:21,3,0,1,1,0
Frank Caprice,L,102,89,31,46,11,,2770,2380,390,0.859,4.2,5566:14,1,0,3,3,17
Gary Simmons,L,107,102,30,57,15,,3263,2897,366,0.888,3.57,6147:52,5,0,1,1,52
Gord McRae,L,71,62,30,22,10,,1917,1696,221,0.885,3.5,3792:18,1,0,0,0,6
Sam LoPresti,L,74,74,30,38,6,,,,236,--,3.12,4540:00,4,0,0,0,0
Charles Stewart,L,77,77,30,41,5,,,,194,--,2.45,4741:50,10,0,0,0,0
Jani Hurme,L,76,64,29,25,11,,1867,1691,176,0.906,2.61,4040:55,6,0,0,0,19
Milan Hnilicka,L,121,107,29,67,13,,3598,3239,359,0.9,3.31,6508:58,5,0,2,2,14
Yves Belanger,L,78,66,29,33,6,,2048,1789,259,0.874,3.77,4126:48,2,0,5,5,4
Lukas Dostal,L,89,79,28,45,,9,2788,2522,266,0.905,3.26,4894:50,2,0,0,0,8
Wayne Rutledge,L,82,71,28,38,7,,2244,2002,242,0.892,3.36,4317:41,2,0,0,0,11
Robbie Tallas,L,99,80,28,42,10,,2256,2010,246,0.891,2.91,5068:39,3,0,0,0,6
Jiri Crha,L,69,64,28,27,11,,2230,1969,261,0.883,3.98,3934:02,0,0,1,1,12
Pat Jablonski,R,128,104,28,62,18,,3411,2998,413,0.879,3.74,6633:30,1,0,4,4,13
Jimmy Waite,L,106,76,28,41,12,,2277,1984,293,0.871,3.35,5252:50,4,0,1,1,10
Paul Harrison,L,109,92,28,59,9,,2993,2585,408,0.864,4.23,5788:48,2,0,1,1,28
Joel Hofer,L,51,47,27,17,,3,1406,1279,128,0.91,2.76,2784:07,2,0,3,3,6
Eric Comrie,L,65,61,27,31,,2,1902,1701,201,0.894,3.34,3614:47,2,0,2,2,2
Jonas Johansson,L,69,59,27,22,,10,1870,1664,206,0.89,3.34,3697:32,4,0,0,0,0
Wade Flaherty,L,120,89,27,56,9,,3093,2745,348,0.887,3.51,5941:27,5,0,3,3,6
Darren Pang,L,81,70,27,35,7,,2433,2146,287,0.882,4.05,4250:52,0,0,9,9,6
Curt Ridley,L,104,94,27,47,16,,2772,2417,355,0.872,3.88,5485:54,1,0,1,1,17
Doug Grant,L,77,70,27,34,8,,2092,1812,280,0.866,4.01,4194:11,2,0,0,0,2
Viktor Fasth,L,63,59,26,26,,7,1682,1521,161,0.904,2.79,3465:38,4,0,0,0,0
Sebastien Caron,L,95,86,26,48,7,5,2741,2445,296,0.892,3.44,5155:51,4,0,1,1,12
Andre Racicot,L,68,53,26,23,8,,1632,1436,196,0.88,3.5,3356:53,2,0,2,2,6
Corrado Micalef,R,113,98,26,59,15,,2844,2435,409,0.856,4.25,5771:07,2,0,5,5,43
Dustin Tokarski,L,83,70,25,35,,12,2376,2143,233,0.902,3.12,4481:19,2,0,3,3,2
Justin Peters,L,83,68,25,38,,9,2313,2083,230,0.901,3.08,4482:59,3,0,2,2,8
Mark Laforest,L,103,76,25,54,4,,2680,2326,354,0.868,4.23,5022:46,2,0,6,6,65
Jacques Caron,L,72,62,24,30,11,,1924,1712,212,0.89,3.31,3839:56,2,0,1,1,2
Spencer Martin,L,66,59,24,30,,8,1852,1635,217,0.883,3.56,3656:10,1,0,0,0,0
Darren Eliot,R,88,75,24,41,12,,2491,2117,374,0.85,4.62,4855:58,1,0,2,2,24
Joe Miller,L,130,128,24,89,16,,,,383,--,2.89,7938:42,16,0,0,0,0
Mika Noronen,L,71,59,23,32,6,0,1642,1479,163,0.901,2.68,3652:45,3,1,0,1,4
Jeff Deslauriers,R,62,59,23,32,,4,1944,1751,193,0.901,3.24,3578:25,3,0,4,4,8
Steve Passmore,L,93,76,23,44,12,,2245,2010,235,0.895,2.79,5045:39,2,0,2,2,21
Connie Dion,R,38,38,23,11,4,,,,119,--,3.13,2280:00,1,0,0,0,0
Paul Goodman,L,52,52,23,20,9,,,,117,--,2.17,3240:00,6,0,0,0,0
Eric Fichaud,L,95,76,22,47,10,,2445,2194,251,0.897,3.14,4798:53,2,0,1,1,4
Blaine Lacher,L,47,44,22,16,4,,1089,966,123,0.887,2.8,2635:45,4,0,1,1,8
Andy Brown,L,62,57,22,26,9,,1762,1549,213,0.879,3.8,3366:17,1,0,1,1,64
Troy Gamble,L,72,65,22,29,9,,1834,1605,229,0.875,3.61,3803:35,1,0,1,1,22
Robb Stauber,L,62,55,21,23,9,,1892,1683,209,0.89,3.81,3294:35,1,0,2,2,22
Dave Parro,L,77,68,21,36,10,,2206,1932,274,0.876,4.1,4005:34,2,0,2,2,6
Markus Mattsson,R,92,84,21,46,14,,2585,2242,343,0.867,4.13,4987:57,6,0,3,3,6
Jean Claude Bergeron,L,72,59,21,33,7,,1728,1496,232,0.866,3.69,3772:16,1,0,2,2,4
Reto Berra,L,76,58,20,36,,4,1837,1662,175,0.905,2.85,3684:28,3,0,1,1,4
Richard Bachman,L,49,37,20,18,,2,1242,1122,120,0.903,2.97,2421:59,2,0,1,1,0
Dan Blackburn,L,63,55,20,32,4,,1777,1589,188,0.894,3.22,3499:39,1,0,0,0,12
Jack Norris,L,58,49,20,25,4,,1824,1622,202,0.889,3.89,3118:09,2,0,0,0,0
Peter Ing,L,74,64,20,37,9,,2176,1910,266,0.878,4.05,3941:15,1,0,3,3,6
Bernie Wolfe,L,119,104,20,61,21,,3441,3017,424,0.877,4.18,6091:02,1,0,1,1,2
Steve Baker,L,57,51,20,20,11,,1479,1289,190,0.872,3.71,3074:26,3,0,0,0,7
Hugh Lehman,L,48,48,20,24,4,,,,136,--,2.68,3045:00,6,0,0,0,0
Dustin Wolf,L,36,34,19,12,,3,1049,949,100,0.905,2.86,2100:36,2,0,3,3,2
Collin Delia,L,52,45,19,18,,7,1557,1396,161,0.897,3.51,2750:17,0,0,1,1,2
Nico Daws,L,46,43,19,22,,1,1185,1059,126,0.894,3.13,2415:35,0,0,1,1,0
Steve Guenette,L,35,31,19,16,0,,1022,900,122,0.881,3.74,1955:53,1,0,1,1,4
Stephane Beauregard,R,90,69,19,39,11,,2216,1948,268,0.879,3.65,4401:09,2,0,2,2,6
Tom Draper,L,53,45,19,23,5,,1406,1233,173,0.877,3.7,2806:26,1,0,3,3,4
Gary Laskoski,L,59,51,19,27,5,,1528,1300,228,0.851,4.65,2939:28,0,0,1,1,6
Wade Dubielewicz,L,43,30,18,16,1,1,1131,1034,97,0.914,2.65,2195:21,0,0,0,0,0
Erik Ersberg,L,53,45,18,19,,10,1337,1217,120,0.91,2.55,2827:00,2,0,0,0,2
Jeff Zatkoff,L,48,37,18,21,,4,1230,1117,113,0.908,2.72,2490:34,1,0,1,1,0
Justus Annunen,L,33,27,18,10,,2,833,755,78,0.906,2.7,1736:12,2,0,1,1,0
Kevin Poulin,L,50,44,18,25,,3,1392,1252,140,0.899,3.07,2735:33,0,0,1,1,0
Dany Sabourin,L,57,45,18,25,0,4,1363,1224,139,0.898,2.88,2899:45,2,0,1,1,4
Hannu Toivonen,L,61,50,18,24,,10,1658,1475,183,0.89,3.37,3258:49,1,0,0,0,10
Bill McKenzie,L,91,79,18,49,13,,2472,2146,326,0.868,4.1,4767:53,2,0,1,1,12
Claude Bourque,L,62,62,18,37,7,,,,192,--,3.01,3830:00,5,0,0,0,0
Benny Grant,L,53,49,18,27,5,,,,192,--,3.77,3055:00,3,0,0,0,0
Yann Danis,L,55,40,17,22,,4,1381,1254,127,0.908,2.79,2732:52,3,0,0,0,0
Devon Levi,L,38,35,17,16,,2,1113,997,116,0.896,3.24,2146:42,0,0,0,0,0
Kevin Hodson,L,71,43,17,18,10,,1250,1116,134,0.893,2.76,2909:15,4,0,1,1,6
Jim Bedard,L,73,69,17,40,13,,2172,1894,278,0.872,3.95,4223:20,1,0,2,2,10
Hardy Astrom,L,83,69,17,44,12,,2153,1875,278,0.871,3.75,4444:30,0,0,1,1,8
Tim Bernhardt,L,67,62,17,36,7,,1999,1732,267,0.866,4.29,3735:01,0,0,3,3,4
Ken McAuley,R,96,96,17,64,15,,,,537,--,5.61,5740:00,1,0,0,0,0
Steve Valiquette,L,46,32,16,14,0,5,1085,982,103,0.905,2.74,2254:42,4,0,1,1,4
John Blue,L,46,39,16,18,7,,1141,1015,126,0.89,3.0,2521:32,1,0,2,2,13
George Gardner,L,66,52,16,31,7,,1831,1624,207,0.887,3.76,3305:15,0,0,0,0,0
Howard Lockhart,L,59,56,16,41,0,,,,287,--,5.05,3412:25,1,0,0,0,0
Joni Ortio,L,37,34,15,15,,5,910,820,90,0.901,2.66,2030:57,2,0,2,2,2
Garret Sparks,L,40,35,15,18,,2,1109,997,112,0.899,3.05,2204:16,2,0,0,0,0
Daniil Tarasov,L,55,52,15,30,,5,1729,1550,179,0.896,3.56,3021:05,0,0,2,2,0
Marv Edwards,L,61,59,15,34,7,,2036,1818,218,0.893,3.78,3461:49,2,0,3,3,34
Bobby Taylor,L,45,37,15,17,7,,1336,1181,155,0.884,4.11,2264:14,0,0,1,1,4
Darren Jensen,L,30,24,15,10,1,,783,688,95,0.879,3.82,1490:54,2,0,1,1,2
John Henderson,L,46,45,15,14,16,,28,24,117,--,2.58,2718:17,5,0,0,0,0
Akira Schmid,L,44,33,14,18,,3,991,892,99,0.9,2.85,2084:54,1,0,2,2,2
Norm Maracle,L,66,55,14,33,8,,1720,1543,177,0.897,3.1,3430:04,1,0,0,0,0
Rick Heinz,L,49,36,14,19,5,,1110,951,159,0.857,4.06,2348:09,2,0,1,1,6
Jason Muzzatti,L,62,44,13,25,10,,1578,1411,167,0.894,3.33,3012:37,1,0,1,1,61
Ken Lockett,L,55,32,13,15,8,,1190,1059,131,0.89,3.36,2339:49,2,0,0,0,8
Cayden Primeau,L,55,45,13,24,,7,1502,1328,174,0.884,3.69,2827:20,2,0,2,2,4
Pierre Hamel,L,69,65,13,41,7,,2104,1828,276,0.869,4.41,3754:33,0,0,3,3,16
Mike Blake,L,40,33,13,15,5,,1132,982,150,0.867,4.26,2112:22,0,0,1,1,6
Gilles Gratton,L,47,39,13,18,9,,1151,997,154,0.866,4.03,2295:05,0,0,0,0,15
J-F Berube,L,40,29,12,12,,4,1088,977,111,0.898,3.51,1898:47,0,0,1,1,0
Andrei Trefilov,L,54,45,12,25,4,,1481,1328,153,0.897,3.45,2661:09,2,0,0,0,10
Warren Skorodenski,L,35,25,12,11,4,,962,862,100,0.896,3.48,1725:51,2,0,0,0,2
Arvid Soderblom,L,66,58,12,43,,5,1941,1725,217,0.889,3.57,3643:21,0,0,0,0,0
Mario Brunetta,L,40,31,12,17,1,,991,863,128,0.871,3.92,1960:15,0,0,0,0,16
Vincent Tremblay,L,58,46,12,26,8,,1651,1428,223,0.865,4.81,2780:21,1,0,2,2,4
Marc Behrend,L,39,32,12,19,3,,1070,907,163,0.848,4.92,1986:53,1,0,0,0,0
Jim Franks,L,42,42,12,23,7,,,,181,--,4.31,2520:00,1,0,0,0,0
Erik Kallgren,L,24,21,11,6,,5,631,563,68,0.892,3.04,1341:09,1,0,0,0,2
Ken Broderick,R,27,23,11,12,1,,676,602,74,0.891,3.04,1462:06,1,0,1,1,2
Peter McDuffe,L,57,54,11,36,6,,1891,1673,218,0.885,4.08,3208:01,0,0,1,1,2
Mads Sogaard,L,29,25,11,11,,3,753,662,91,0.879,3.55,1537:55,0,0,1,1,2
Mike Morrison,L,29,21,11,7,,3,519,452,67,0.871,3.28,1225:59,0,0,1,1,2
Rob Holland,L,44,42,11,22,9,,1227,1056,171,0.861,4.09,2507:12,1,0,0,0,2
Jim Craig,L,30,27,11,10,7,,700,600,100,0.857,3.78,1585:49,0,0,1,1,11
Philippe Sauve,L,32,25,10,14,3,0,832,739,93,0.888,3.45,1616:59,0,0,0,0,23
Michael Garnett,L,24,20,10,7,,4,634,561,73,0.885,3.44,1271:27,2,0,2,2,0
Harvey Bennett,L,25,24,10,13,2,,,,106,--,4.36,1459:00,0,0,0,0,0
Hec Highton,R,24,24,10,14,0,,,,108,--,4.5,1440:00,0,0,0,0,0
Ivan Mitchell,L,22,21,10,9,0,,,,88,--,4.44,1190:00,0,0,0,0,0
Herb Rheaume,L,31,31,10,20,1,,,,92,--,2.93,1887:00,0,0,0,0,0
Seth Martin,L,30,26,9,10,7,,780,713,67,0.914,2.6,1548:58,1,0,1,1,0
Zac Bierk,L,47,36,9,20,5,,1145,1032,113,0.901,3.18,2134:41,1,0,1,1,6
Marcus Hogberg,L,45,36,9,18,,9,1229,1102,127,0.897,3.33,2285:18,0,0,0,0,0
Fern Rivard,L,55,47,9,26,11,,1617,1427,190,0.882,3.99,2855:16,2,0,0,0,10
Bob Johnson,L,23,19,9,9,1,,555,489,66,0.881,3.73,1060:46,0,0,0,0,8
Don Head,L,38,38,9,26,3,,1307,1149,158,0.879,4.16,2280:00,2,0,0,0,14
John Adams,L,22,21,9,10,1,,690,605,85,0.877,4.32,1180:00,1,0,0,0,2
Michel Belhumeur,L,65,53,9,36,7,,2011,1757,254,0.874,4.62,3301:17,0,0,4,4,12
Jim Pettie,L,21,18,9,7,2,,488,417,71,0.855,3.68,1156:40,1,0,0,0,23
Niklas Svedberg,L,19,15,8,5,,1,460,423,37,0.92,2.31,961:02,2,0,0,0,0
Bob Perreault,L,31,31,8,16,7,,986,890,103,0.903,3.39,1825:42,3,0,0,0,0
Marek Mazanec,R,31,25,8,13,,4,784,702,82,0.895,2.98,1652:51,2,0,1,1,0
Jon Gillies,L,35,27,8,16,,3,924,823,101,0.891,3.39,1787:50,0,0,1,1,2
Magnus Hellberg,L,26,17,8,8,,1,572,509,63,0.89,3.08,1226:57,0,0,0,0,0
Daryl Reaugh,L,27,20,8,9,1,,628,556,72,0.885,3.47,1245:13,1,0,0,0,4
Ivan Prosvetov,L,24,19,8,9,,2,637,561,76,0.881,3.7,1231:14,0,0,0,0,0
Jim Corsi,L,26,20,8,14,3,,659,576,83,0.874,3.66,1359:31,0,0,3,3,6
Ron Scott,L,28,22,8,13,4,,704,613,91,0.871,3.77,1447:46,0,0,0,0,2
Maxime Lagace,L,20,18,8,9,,1,548,477,71,0.87,3.9,1091:10,1,0,0,0,0
Ed Dyck,L,49,37,8,28,5,,1261,1083,178,0.859,4.36,2448:15,1,0,0,0,0
Doug Dadswell,L,27,20,8,8,3,,700,601,99,0.859,4.42,1343:08,0,0,2,2,2
Jaxson Stauber,L,9,9,7,1,,1,274,251,23,0.916,2.52,547:19,1,0,0,0,0
Jason Bacashihua,L,38,29,7,17,,4,965,866,99,0.897,3.19,1859:50,0,0,1,1,2
Mike McKenna,R,35,27,7,17,,3,976,869,107,0.89,3.6,1785:18,1,0,1,1,0
Sam St. Laurent,L,34,25,7,12,4,,808,716,92,0.886,3.51,1571:14,1,0,0,0,4
Dennis Riggin,L,18,15,7,9,2,,465,412,53,0.886,3.19,996:44,1,0,0,0,0
Rich Parent,L,32,20,7,11,5,,697,615,82,0.882,3.15,1560:36,1,0,0,0,4
Rick Knickle,L,14,12,7,6,0,,363,319,44,0.879,3.74,706:01,0,0,0,0,2
Arturs Silovs,L,16,15,7,6,,2,399,350,49,0.877,3.22,914:09,0,0,0,0,0
Dave Reece,L,14,12,7,5,2,,350,307,43,0.877,3.32,776:00,2,0,0,0,0
Bill Oleschuk,L,55,48,7,28,10,,1466,1278,188,0.872,3.98,2831:28,1,0,0,0,14
Norm Foster,L,13,10,7,4,0,,265,231,34,0.872,3.27,623:07,0,0,0,0,2
Rollie Boutin,L,22,18,7,10,1,,582,507,75,0.871,3.96,1135:38,0,0,1,1,6
Nick Ricci,L,19,17,7,12,0,,553,474,79,0.857,4.39,1079:54,0,0,0,0,2
Mike Moffat,L,18,15,7,6,2,,384,317,67,0.826,4.38,918:25,0,0,0,0,2
Alfie Moore,R,21,21,7,14,0,,,,81,--,3.8,1280:00,1,0,0,0,0
Sebastien Charpentier,L,26,20,6,14,1,,672,606,66,0.902,2.93,1350:04,0,0,0,0,0
Harri Sateri,L,15,11,6,6,,1,428,383,45,0.895,3.41,790:58,0,0,0,0,0
Tyler Moss,R,30,21,6,16,1,,746,665,81,0.891,3.25,1496:55,0,0,1,1,0
Jim McLeod,L,16,15,6,6,4,,399,355,44,0.89,3.01,878:11,0,0,1,1,0
Reinhard Divis,L,28,16,6,9,2,1,560,493,67,0.88,3.32,1212:03,0,0,0,0,2
Scott Bailey,L,19,13,6,6,2,,445,390,55,0.876,3.42,964:43,0,0,0,0,0
Larry Lozinski,L,30,22,6,11,7,,734,630,104,0.858,4.29,1454:17,0,0,1,1,0
Bert Lindsay,R,20,20,6,14,0,,,,118,--,5.82,1217:30,0,0,0,0,0
Nolan Schaefer,R,7,5,5,1,,0,138,127,11,0.92,1.87,352:12,1,0,0,0,2
Henrik Karlsson,L,26,18,5,9,,8,630,570,60,0.905,2.79,1291:43,0,0,0,0,0
Rob Zepp,L,10,9,5,2,,0,223,198,25,0.888,2.89,519:01,0,0,0,0,0
David Leneveu,L,22,15,5,9,,2,540,479,61,0.887,3.43,1067:09,0,0,0,0,0
Gary Bauman,L,35,25,5,17,6,,878,776,102,0.884,3.57,1713:58,0,0,0,0,2
Jared Coreau,L,21,21,5,9,,4,565,497,68,0.88,3.74,1092:06,2,0,0,0,0
Chris Worthy,L,26,19,5,11,3,,761,663,98,0.871,4.49,1309:26,0,0,0,0,6
Goran Hogosta,L,22,19,5,12,3,,640,557,83,0.87,4.15,1201:13,1,0,0,0,0
Michael Houser,L,6,6,4,2,,0,218,200,18,0.917,2.97,363:02,0,0,0,0,0
Jet Greaves,L,14,13,4,8,,2,503,456,47,0.907,3.45,816:27,0,0,0,0,0
Oscar Dansk,L,6,5,4,1,,0,159,144,15,0.906,3.1,290:01,1,0,0,0,0
Matt Hackett,L,26,20,4,17,,2,709,642,67,0.906,3.11,1291:07,0,0,0,0,0
Christopher Gibson,L,16,12,4,5,,3,434,391,43,0.901,3.33,773:52,0,0,0,0,0
Marcel Cousineau,L,26,13,4,10,1,,509,458,51,0.9,2.93,1045:45,1,0,1,1,0
Frederic Chabot,R,32,16,4,8,4,,583,521,62,0.894,2.95,1262:29,0,0,0,0,2
Scott Fankhouser,L,23,16,4,12,2,,611,546,65,0.894,3.31,1179:26,0,0,0,0,6
Adam Munro,L,17,17,4,10,1,2,451,400,51,0.887,3.3,926:23,1,0,1,1,2
Felix Sandstrom,L,30,26,4,18,,4,848,746,102,0.88,3.66,1673:35,0,0,0,0,0
Bruce Hoffort,L,9,4,4,0,3,,179,157,22,0.877,3.59,367:58,0,0,0,0,2
Cam Newton,L,16,12,4,7,1,,410,359,51,0.876,3.77,810:38,0,0,1,1,6
Joaquin Gage,L,23,14,4,12,1,,515,448,67,0.87,3.74,1076:17,0,0,1,1,4
Aleksei Kolosov,L,13,10,4,7,,1,314,273,41,0.869,3.49,705:13,0,0,0,0,0
Darrin Madeley,L,39,32,4,23,5,,1059,919,140,0.868,4.36,1928:21,0,0,0,0,0
Ivan Fedotov,L,13,11,4,5,,2,313,271,42,0.866,3.75,672:06,0,0,0,0,0
Lyle Carter,L,15,13,4,7,0,,361,311,50,0.861,4.16,720:39,0,0,0,0,2
Jarmo Myllys,L,39,30,4,27,1,,1139,978,161,0.859,5.23,1845:59,0,0,1,1,4
Gordon Laxton,L,17,13,4,9,1,,435,361,74,0.83,5.56,799:03,0,0,0,0,0
Mike Brodeur,L,7,4,3,1,,0,129,119,10,0.922,2.17,276:42,1,0,0,0,0
Robbie Moore,L,6,3,3,1,1,,103,95,8,0.922,1.87,257:01,2,0,1,1,0
Allen York,L,11,5,3,2,,0,199,183,16,0.92,2.3,416:42,0,0,0,0,0
Joel Blomqvist,L,8,7,3,5,,0,261,236,25,0.904,3.6,416:13,0,0,0,0,0
Andre Gill,L,5,5,3,1,0,,134,121,13,0.903,2.89,270:21,1,0,0,0,0
Jiri Patera,L,8,7,3,3,,1,266,240,26,0.902,3.57,436:46,0,0,0,0,0
Leland Irving,L,13,12,3,4,,4,367,331,36,0.902,3.25,664:29,0,0,1,1,0
Josef Korenar,L,12,7,3,5,,0,293,264,29,0.901,3.1,562:08,0,0,0,0,0
Jeff Glass,L,15,13,3,7,,3,452,406,46,0.898,3.36,820:54,0,0,0,0,2
Mike Torchia,L,6,4,3,2,1,,172,154,18,0.895,3.3,326:55,0,0,0,0,0
Norm Defelice,L,10,10,3,5,2,,282,252,30,0.894,3.0,600:00,0,0,0,0,2
Frederic Cassivi,L,13,9,3,6,0,1,353,315,38,0.892,3.64,627:11,0,0,0,0,0
Andy Chiodo,L,8,8,3,4,1,,260,232,28,0.892,3.46,485:37,0,0,0,0,0
Matt Tomkins,L,6,6,3,2,,1,185,165,20,0.892,3.33,360:13,0,0,0,0,0
Jean-Francois Labbe,L,15,8,3,6,0,,323,287,36,0.889,3.44,628:16,0,0,0,0,2
Vitaly Kolesnik,L,8,7,3,3,,0,178,158,20,0.888,3.24,370:12,0,0,1,1,2
John Curry,L,8,5,3,2,,1,165,145,20,0.879,3.68,325:43,0,0,0,0,0
Derek Wilkinson,L,22,16,3,12,3,,453,396,57,0.874,3.67,932:31,0,0,0,0,2
Brad Thiessen,L,5,4,3,1,,0,113,97,16,0.858,3.72,257:44,0,0,0,0,2
Scott Langkow,L,20,15,3,12,1,,474,406,68,0.857,4.32,943:29,0,0,0,0,0
Don McLeod,L,18,13,3,10,1,,515,441,74,0.856,5.06,877:28,0,0,0,0,0
Lindsay Middlebrook,R,37,29,3,23,6,,1052,900,152,0.856,4.95,1840:37,0,0,1,1,22
Bruce Bullock,R,16,15,3,9,3,,507,433,74,0.854,4.79,926:25,0,0,0,0,2
Cleon Daskalakis,L,12,7,3,4,1,,255,214,41,0.839,4.86,506:04,0,0,0,0,0
Brian Ford,L,11,8,3,7,0,,367,306,61,0.834,6.32,579:00,0,0,0,0,0
Terrance Richardson,R,20,14,3,11,0,,467,382,85,0.818,5.64,904:10,0,0,1,1,6
Gordie Bell,L,8,8,3,5,0,,,,31,--,3.88,480:00,0,0,0,0,0
Frank Brophy,L,21,21,3,18,0,,,,148,--,7.11,1249:05,0,0,0,0,0
Moe Roberts,R,10,8,3,5,0,,,,31,--,3.71,501:00,0,0,0,0,0
Mackenzie Skapski,L,2,2,2,0,,0,45,44,1,0.978,0.5,119:05,1,0,0,0,0
Daniel Lacosta,L,4,2,2,0,,0,85,81,4,0.953,1.42,168:50,1,0,0,0,0
Troy Grosenick,L,4,4,2,2,,0,135,126,9,0.933,2.27,238:22,1,0,0,0,0
Cedrick Desjardins,R,6,4,2,4,,0,149,137,12,0.919,2.41,298:27,0,0,0,0,2
Yaroslav Askarov,R,8,7,2,3,,2,223,204,19,0.915,2.61,437:30,0,0,1,1,0
Gerry McNamara,L,7,5,2,2,1,,159,145,14,0.912,2.61,321:18,0,0,0,0,2
Antoine Bibeau,L,4,3,2,1,,0,97,88,9,0.907,2.54,212:24,0,0,0,0,0
Maxime Ouellet,L,12,10,2,6,1,1,350,316,34,0.903,3.08,662:12,1,0,1,1,2
Marc D'amour,L,16,8,2,4,2,,323,291,32,0.901,3.32,578:41,0,0,0,0,10
Matiss Kivlenieks,L,8,6,2,2,,2,208,187,21,0.899,3.09,408:11,0,0,0,0,0
Hunter Shepard,L,4,4,2,1,,1,123,110,13,0.894,3.19,244:50,0,0,0,0,0
Rocky Farr,R,19,9,2,6,3,,397,355,42,0.894,3.5,719:51,0,0,0,0,2
Matt Climie,L,5,4,2,2,,0,139,124,15,0.892,3.24,277:26,0,0,0,0,0
Leevi Meril√§inen,L,5,4,2,2,,1,119,106,13,0.891,3.23,241:37,0,0,0,0,0
Matt Delguidice,R,11,9,2,5,1,,246,218,28,0.886,3.87,434:26,0,0,0,0,2
Jack McCartan,L,12,11,2,7,3,,368,326,42,0.886,3.71,680:00,1,0,0,0,0
Matt Murray,L,4,4,2,2,,0,87,77,10,0.885,2.53,237:02,1,0,0,0,0
John Tanner,L,21,18,2,11,5,,557,492,65,0.883,3.6,1083:52,1,0,0,0,6
Adam Berkhoel,L,9,7,2,4,,1,255,225,30,0.882,3.8,473:24,0,0,0,0,0
Edward Pasquale,L,3,3,2,1,,0,102,90,12,0.882,3.96,181:58,0,0,0,0,0
Mike Fountain,L,11,7,2,6,0,,234,206,28,0.88,3.49,481:41,1,0,0,0,2
Marc Lamothe,L,4,3,2,1,1,,108,95,13,0.88,3.24,240:45,0,0,0,0,0
Barry Brust,L,11,7,2,4,,1,245,215,30,0.878,3.7,486:23,0,0,0,0,0
Les Kuntar,L,6,4,2,2,0,,130,114,16,0.877,3.18,301:48,0,0,0,0,2
Jesper Wallstedt,L,5,5,2,3,,0,138,121,17,0.877,3.44,296:43,1,0,0,0,2
Michael Wall,L,4,3,2,2,,0,81,71,10,0.877,2.97,201:42,0,0,1,1,0
Dennis Hildeby,L,3,3,2,1,,0,88,77,11,0.875,3.68,179:10,0,0,0,0,0
Patrick Desrochers,L,11,8,2,6,1,,258,225,33,0.872,3.67,540:03,0,0,0,0,2
Devin Cooley,L,6,6,2,3,,1,192,167,25,0.87,4.98,301:29,0,0,0,0,0
Mike Bales,L,23,16,2,15,1,,589,512,77,0.869,4.13,1119:17,0,0,0,0,2
Michel Dumas,L,8,5,2,1,2,,182,158,24,0.868,3.97,362:30,0,0,1,1,0
Ken Ellacott,L,12,8,2,3,4,,309,268,41,0.867,4.47,550:54,0,0,0,0,0
Mark Holden,L,8,4,2,2,1,,167,142,25,0.85,4.03,372:18,0,0,1,1,0
Bob Champoux,L,17,16,2,11,3,,527,447,80,0.848,5.21,922:07,0,0,0,0,0
Scott Gordon,L,23,17,2,16,0,,592,491,101,0.829,5.6,1081:59,0,0,0,0,0
Jari Kaarela,L,5,4,2,2,0,,115,93,22,0.809,6.0,220:00,0,0,0,0,2
Harry Mummery,L,4,2,2,1,0,,,,20,--,6.3,190:30,0,0,0,0,0
Art Brooks,R,4,3,2,2,0,,,,23,--,6.27,220:00,0,0,0,0,0
Steve Buzinski,L,9,9,2,6,1,,,,55,--,5.89,560:00,0,0,0,0,0
Maurice Courteau,L,6,6,2,4,0,,,,33,--,5.5,360:00,0,0,0,0,0
Dave Gatherum,L,3,3,2,0,1,,,,3,--,1.0,180:00,1,0,0,0,0
Sammy Hebert,R,4,4,2,1,0,,,,19,--,5.7,200:00,0,0,0,0,0
Gilles Mayer,L,9,9,2,6,1,,142,124,24,--,2.67,539:30,0,0,0,0,0
Doug Stevenson,L,8,8,2,6,0,,,,39,--,4.88,480:00,0,0,0,0,0
Harvey Teno,L,5,5,2,3,0,,,,15,--,3.0,300:00,0,0,0,0,0
Michael Rosati,L,1,0,1,0,0,,12,12,0,1,0.0,28:07,0,0,0,0,0
Cody Rudkowsky,L,1,0,1,0,0,,10,10,0,1,0.0,30:03,0,0,0,0,0
Jakub Dobes,L,1,1,1,0,,0,34,34,0,1,0.0,59:44,1,0,0,0,0
Erik Portillo,L,1,1,1,0,,0,29,28,1,0.966,1.02,58:37,0,0,0,0,0
Kristers Gudlevskis,L,3,2,1,0,,1,73,70,3,0.959,1.37,131:11,0,0,0,0,0
Ray Leblanc,R,1,1,1,0,0,,22,21,1,0.955,1.0,60:00,0,0,0,0,0
Richard Shulmistra,L,2,2,1,1,0,,51,48,3,0.941,1.48,121:53,0,0,0,0,0
Dylan Ferguson,L,3,2,1,1,,0,85,79,6,0.929,2.81,128:06,0,0,0,0,0
Kevin Boyle,L,5,4,1,3,,0,139,129,10,0.928,2.17,276:51,1,0,0,0,0
Zach Fucale,L,4,3,1,1,,1,66,61,5,0.924,1.75,171:35,1,0,0,0,0
Mike Minard,L,1,1,1,0,0,,36,33,3,0.917,3.0,60:00,0,0,0,0,0
Kevin Mandolese,L,3,3,1,2,,0,119,109,10,0.916,3.29,182:12,0,0,0,0,0
Adam Werner,L,2,1,1,1,,0,58,53,5,0.914,3.42,87:50,0,0,0,0,0
Len Broderick,L,1,1,1,0,0,,22,20,2,0.909,2.0,60:00,0,0,0,0,0
Matthew Yeats,L,5,4,1,3,0,,141,128,13,0.908,3.03,257:34,0,0,0,0,2
Eetu Makiniemi,L,2,1,1,0,,1,32,29,3,0.906,2.13,84:20,0,0,0,0,0
Nathan Lieuwen,L,7,5,1,4,,0,191,173,18,0.906,2.97,363:22,0,0,0,0,0
Derek Gustafson,L,5,4,1,3,0,,104,94,10,0.904,2.27,264:53,0,0,0,0,0
Philippe De Rouville,L,3,2,1,2,0,,93,84,9,0.903,3.16,171:08,0,0,0,0,0
Zachary Sawchenko,L,7,3,1,2,,1,151,136,15,0.901,3.35,268:58,0,0,0,0,0
Mike Lenarduzzi,L,4,2,1,1,1,,99,89,10,0.899,3.18,188:45,0,0,0,0,0
Jean-Francois Damphousse,L,6,4,1,3,0,,115,103,12,0.896,2.45,293:38,0,0,0,0,0
Daniel Taylor,L,4,3,1,2,,0,112,100,12,0.893,3.63,198:29,0,0,0,0,0
Ted Tucker,L,5,2,1,1,1,,93,83,10,0.892,3.39,176:53,0,0,0,0,0
Rastislav Stana,L,6,3,1,2,0,,100,89,11,0.89,3.12,211:15,0,0,0,0,0
Cristopher Nilstorp,R,6,5,1,3,,1,163,145,18,0.89,3.26,330:47,0,0,0,0,0
Nathan Lawson,L,11,7,1,4,,2,253,225,28,0.889,4.24,396:11,0,0,0,0,0
Jeremy Smith,L,10,8,1,6,,1,286,254,32,0.888,3.54,542:43,0,0,0,0,0
Donald Cutts,L,6,6,1,2,1,,142,126,16,0.887,3.57,268:36,0,0,0,0,6
Claude Pronovost,L,3,2,1,1,0,,62,55,7,0.887,3.5,120:00,1,0,0,0,2
Tobias Stephan,L,11,6,1,3,,2,248,219,29,0.883,3.49,498:30,0,0,1,1,0
Peter Mannino,L,6,2,1,1,,0,127,112,15,0.882,3.99,225:31,0,0,0,0,0
Michael Zanier,L,3,3,1,1,1,,100,88,12,0.88,3.89,185:00,0,0,0,0,0
Tom McCollum,L,3,0,1,0,,0,33,29,4,0.879,2.98,80:31,0,0,0,0,0
Paul Skidmore,L,2,2,1,1,0,,49,43,6,0.878,3.0,119:51,0,0,0,0,0
Gerry Gray,L,8,7,1,5,1,,263,228,35,0.867,4.77,440:00,0,0,0,0,0
Al Millar,L,6,6,1,4,1,,183,158,25,0.863,4.17,360:00,0,0,0,0,0
Dieter Kochan,L,21,13,1,11,1,,406,350,56,0.862,3.96,848:56,0,0,0,0,0
Magnus Chrona,L,9,8,1,6,,1,262,225,37,0.859,4.71,471:15,0,0,0,0,0
Carl Wetzel,L,7,5,1,4,1,,155,133,22,0.858,4.39,300:46,0,0,0,0,0
Sergei Mylnikov,L,10,10,1,7,2,,329,282,47,0.857,4.97,567:58,0,0,0,0,0
Dave McLelland,L,2,2,1,1,0,,70,60,10,0.857,5.0,120:00,0,0,0,0,0
Jean-Marc Pelletier,L,7,5,1,4,0,,161,138,23,0.857,3.9,353:24,0,0,0,0,0
Sebastian Cossa,L,1,0,1,0,,0,14,12,2,0.857,2.67,45:00,0,0,0,0,0
Daniel Lorenz,L,8,5,1,5,0,,174,149,25,0.856,4.2,356:48,0,0,0,0,0
Gary Kurt,L,16,13,1,7,5,,417,357,60,0.856,4.3,837:23,0,0,0,0,0
Geoff Sarjeant,L,8,4,1,2,1,,139,119,20,0.856,4.13,290:50,0,0,1,1,4
Hannu Kamppuri,L,13,11,1,10,1,,349,295,54,0.845,5.11,633:46,0,0,1,1,2
Justin Pogge,L,7,6,1,4,,1,173,146,27,0.844,4.36,371:42,0,0,0,0,0
Hunter Miska,L,6,5,1,1,,2,120,101,19,0.842,4.1,278:04,0,0,0,0,0
George Maneluk,L,4,2,1,1,0,,94,79,15,0.84,6.43,140:00,0,0,0,0,2
Darrell May,L,6,6,1,5,0,,192,161,31,0.839,5.14,362:00,0,0,1,1,2
Chad Erickson,R,2,2,1,1,0,,55,46,9,0.836,4.5,120:00,0,0,0,0,0
David Goverde,R,5,5,1,4,0,,151,122,29,0.808,6.25,278:17,0,0,1,1,0
David Ayres,L,1,0,1,0,,0,10,8,2,0.8,4.18,28:41,0,0,0,0,0
Dave Tataryn,L,2,2,1,1,0,,43,33,10,0.767,7.5,80:00,0,0,0,0,0
Iiro Tarkki,L,1,0,1,0,,0,10,7,3,0.7,4.41,40:51,0,0,0,0,0
Odie Cleghorn,R,1,1,1,0,0,,,,2,--,2.0,60:00,0,0,0,0,0
Lorne Anderson,R,3,3,1,2,0,,,,18,--,6.0,180:00,0,0,0,0,0
Andre Binette,L,1,1,1,0,0,,,,4,--,4.0,60:00,0,0,0,0,0
Abbie Cox,L,5,3,1,1,2,,,,11,--,2.51,263:00,0,0,0,0,0
Nick Damore,L,1,1,1,0,0,,,,3,--,3.0,60:00,0,0,0,0,0
Bill Dickie,R,1,1,1,0,0,,,,3,--,3.0,60:00,0,0,0,0,0
Claude Evans,L,5,5,1,2,1,,34,30,16,--,3.69,260:00,0,0,0,0,0
Hec Fowler,L,7,7,1,6,0,,,,42,--,6.16,409:00,0,0,0,0,0
Gord Henry,L,3,3,1,2,0,,,,5,--,1.67,180:00,1,0,0,0,0
Doug Jackson,L,6,6,1,4,1,,,,42,--,7.0,360:00,0,0,0,0,0
Percy Jackson,L,7,5,1,3,1,,,,26,--,4.0,390:00,0,0,0,0,0
Frenchy Lacroix,L,5,4,1,4,0,,,,16,--,3.43,280:00,0,0,0,0,0
Jean Marois,L,3,3,1,2,0,,,,15,--,5.0,180:00,0,0,0,0,0
Hal Murphy,R,1,1,1,0,0,,,,4,--,4.0,60:00,0,0,0,0,0
Marcel Pelletier,R,8,5,1,6,0,,30,27,31,--,4.72,394:12,0,0,0,0,2
Herb Stuart,L,3,3,1,2,0,,,,5,--,1.67,180:00,0,0,0,0,0
Chris Clifford,L,2,0,0,0,0,,8,8,0,1,0.0,24:10,0,0,0,0,0
Robbie Irons,L,1,0,0,0,0,,1,1,0,1,0.0,2:59,0,0,0,0,0
Joe Junkin,L,1,0,0,0,0,,4,4,0,1,0.0,8:56,0,0,0,0,0
Corrie D'alessio,L,1,0,0,0,0,,3,3,0,1,0.0,11:00,0,0,0,0,0
Sean Gauthier,L,1,0,0,0,0,,2,2,0,1,0.0,3:29,0,0,0,0,0
Jamie Ram,L,1,0,0,0,0,,9,9,0,1,0.0,26:58,0,0,0,0,0
Mathieu Chouinard,L,1,0,0,0,0,,2,2,0,1.0,0.0,2:43,0,0,0,0,0
Simon Lajeunesse,L,1,0,0,0,0,,9,9,0,1.0,0.0,23:30,0,0,0,0,0
Olivier Michaud,L,1,0,0,0,0,,14,14,0,1.0,0.0,18:05,0,0,0,0,0
Tyler Weiman,L,1,0,0,0,,0,10,10,0,1.0,0.0,15:46,0,0,0,0,0
Chris Holt,L,2,0,0,0,,0,5,5,0,1.0,0.0,28:57,0,0,0,0,0
Jeff Frazee,L,1,0,0,0,,0,3,3,0,1.0,0.0,18:36,0,0,0,0,0
Matt Keetley,R,1,0,0,0,,0,2,2,0,1.0,0.0,9:22,0,0,0,0,0
Brian Foster,L,1,0,0,0,,0,1,1,0,1.0,0.0,4:52,0,0,0,0,0
Riku Helenius,L,1,0,0,0,,0,2,2,0,1.0,0.0,6:52,0,0,0,0,0
Mike Murphy,L,2,0,0,1,,0,9,9,0,1.0,0.0,36:06,0,0,0,0,0
Adam Wilcox,L,1,0,0,1,,0,14,14,0,1.0,0.0,38:39,0,0,0,0,0
Scott Foster,L,1,0,0,0,,0,7,7,0,1.0,0.0,14:01,0,0,0,0,0
Matthew Berlin,L,1,0,0,0,,0,1,1,0,1.0,0.0,2:26,0,0,0,0,0
Georgi Romanov,L,2,0,0,0,,0,30,29,1,0.967,1.01,59:15,0,0,0,0,0
Richard Laferriere,L,1,0,0,0,0,,19,18,1,0.947,3.0,20:00,0,0,0,0,0
Landon Bow,L,2,0,0,0,,0,19,18,1,0.947,1.03,58:15,0,0,0,0,0
Marek Langhamer,L,2,0,0,0,,0,18,17,1,0.944,1.35,44:24,0,0,0,0,0
Ted Ouimet,L,1,1,0,1,0,,31,29,2,0.935,2.02,59:21,0,0,0,0,0
Ken Brown,L,1,0,0,0,0,,14,13,1,0.929,3.37,17:49,0,0,0,0,0
Jordan Willis,L,1,0,0,1,0,,14,13,1,0.929,3.2,18:46,0,0,0,0,0
Tomas Popperle,L,2,0,0,0,,0,14,13,1,0.929,1.35,44:30,0,0,0,0,0
Claude Legris,L,4,1,0,1,1,,52,48,4,0.923,2.62,91:30,0,0,1,1,0
Alexander Pechurskiy,L,1,0,0,0,,0,13,12,1,0.923,1.69,35:31,0,0,0,0,0
Dylan Wells,L,1,0,0,0,,0,13,12,1,0.923,3.0,20:00,0,0,0,0,0
Trent Miner,L,1,0,0,0,,0,13,12,1,0.923,1.72,34:58,0,0,0,0,0
Kenneth Appleby,L,4,1,0,1,,0,63,58,5,0.921,2.08,144:20,0,0,0,0,0
Pauli Jaks,L,1,0,0,0,0,,25,23,2,0.92,3.0,40:00,0,0,0,0,0
Johan Backlund,L,1,1,0,1,,0,24,22,2,0.917,3.0,40:00,0,0,0,0,0
Andrey Makarov,L,1,1,0,1,,0,36,33,3,0.917,3.0,60:00,0,0,0,0,0
Wayne Cowley,L,1,0,0,1,0,,35,32,3,0.914,3.15,57:13,0,0,0,0,0
Drew MacIntyre,L,6,1,0,2,,0,91,83,8,0.912,2.41,199:10,0,0,0,0,0
Matthew O'Connor,L,1,1,0,1,,0,34,31,3,0.912,3.1,58:02,0,0,0,0,0
Bruce Dowie,L,2,1,0,1,0,,43,39,4,0.907,3.33,71:58,0,0,0,0,0
Mark Visentin,L,1,1,0,1,,0,32,29,3,0.906,3.06,58:49,0,0,0,0,0
Don Keenan,L,1,1,0,1,0,,41,37,4,0.902,4.0,60:00,0,0,0,0,0
Gilles Senn,R,2,1,0,1,,0,41,37,4,0.902,3.42,70:05,0,0,0,0,0
Alain Raymond,L,1,0,0,1,0,,20,18,2,0.9,3.06,39:11,0,0,0,0,0
Warren Sharples,L,1,1,0,0,1,,40,36,4,0.9,3.69,65:00,0,0,0,0,0
Dan Olesevich,L,1,0,0,0,1,,19,17,2,0.895,4.12,29:09,0,0,0,0,0
Tom Askey,L,7,3,0,1,2,,113,101,12,0.894,2.64,272:47,0,0,0,0,0
Gilles Boisvert,L,3,3,0,3,0,,82,73,9,0.89,3.0,180:00,0,0,0,0,0
Chris Beckford-Tseu,L,1,0,0,0,,0,9,8,1,0.889,2.25,26:37,0,0,0,0,0
Robert Dupuis,L,1,1,0,1,0,,35,31,4,0.886,4.05,59:17,0,0,0,0,0
Don Sylvestri,L,3,1,0,0,2,,52,46,6,0.885,3.53,102:05,0,0,0,0,2
Sami Aittokallio,L,2,2,0,1,,0,43,38,5,0.884,3.36,89:20,0,0,0,0,0
Gerald Coleman,L,2,0,0,0,,1,17,15,2,0.882,2.77,43:16,0,0,0,0,0
Bruce Racine,L,11,1,0,3,0,,101,89,12,0.881,3.13,230:13,0,0,0,0,2
Mark Dekanich,L,1,0,0,0,,0,25,22,3,0.88,3.6,49:59,0,0,0,0,0
Ryan Bach,L,3,1,0,3,0,,66,58,8,0.879,4.45,107:46,0,0,0,0,0
Matt Underhill,L,1,1,0,1,0,,33,29,4,0.879,3.95,60:44,0,0,0,0,0
Martin Brochu,L,9,5,0,5,0,,178,156,22,0.876,3.58,368:35,0,0,0,0,2
Parris Duffus,L,1,0,0,0,0,,8,7,1,0.875,2.08,28:49,0,0,0,0,0
Matt Zaba,L,1,0,0,0,,0,16,14,2,0.875,3.56,33:43,0,0,0,0,0
Connor Knapp,L,2,1,0,0,,1,32,28,4,0.875,3.14,76:31,0,0,1,1,0
Yaniv Perets,L,2,0,0,0,,0,8,7,1,0.875,2.86,20:58,0,0,0,0,0
Jan Lasak,L,6,4,0,4,0,,143,125,18,0.874,4.04,267:37,0,0,0,0,2
Steve Janaszak,L,3,2,0,1,1,,119,104,15,0.874,5.63,160:00,0,0,0,0,0
Olle Eriksson Ek,L,1,1,0,0,,1,39,34,5,0.872,4.69,63:59,0,0,0,0,0
Terry Kleisinger,L,4,3,0,2,0,,109,95,14,0.872,4.42,190:13,0,0,0,0,2
Josh Tordjman,L,2,2,0,2,,0,62,54,8,0.871,4.08,117:42,0,0,0,0,0
Robert Dopson,L,2,0,0,0,0,,23,20,3,0.87,3.96,45:25,0,0,0,0,0
Calvin Heeter,L,1,1,0,0,,1,38,33,5,0.868,4.69,63:59,0,0,0,0,0
Pat Rupp,L,1,1,0,1,0,,30,26,4,0.867,4.0,60:00,0,0,0,0,0
Jason Kasdorf,L,1,1,0,1,,0,30,26,4,0.867,4.0,60:00,0,0,0,0,0
Alexei Melnichuk,L,3,2,0,1,,1,81,70,11,0.864,5.05,130:35,0,0,0,0,0
Michael Sands,L,6,6,0,5,0,,191,165,26,0.864,5.18,301:26,0,0,0,0,2
Don Caley,L,1,0,0,0,0,,22,19,3,0.864,6.0,30:00,0,0,0,0,0
Michael O'Neill,L,21,13,0,9,2,,433,372,61,0.859,4.28,855:31,0,0,0,0,0
Zane McIntyre,L,8,3,0,4,,1,155,133,22,0.858,3.97,332:37,0,0,0,0,0
Randy Ireland,L,2,0,0,0,0,,21,18,3,0.857,6.02,29:53,0,0,0,0,0
Claude Cyr,L,1,0,0,0,0,,7,6,1,0.857,3.0,20:00,0,0,0,0,0
Kasimir Kaskisuo,L,2,1,0,1,,0,41,35,6,0.854,4.78,75:22,0,0,0,0,0
Patrick Labrecque,L,2,1,0,1,0,,47,40,7,0.851,4.29,97:48,0,0,0,0,2
Brian Finley,R,4,2,0,2,0,0,87,74,13,0.851,4.7,165:56,0,0,0,0,0
Alexander Salak,L,2,0,0,1,,0,40,34,6,0.85,5.41,66:35,0,0,0,0,0
Michel Larocque,L,3,2,0,2,0,,59,50,9,0.847,3.55,151:56,0,0,0,0,0
Joe Schaefer,L,2,0,0,2,0,,52,44,8,0.846,5.39,89:02,0,0,0,0,0
Vitali Yeremeyev,L,4,3,0,4,0,,104,88,16,0.846,4.52,212:24,0,0,0,0,0
Drew Commesso,L,2,1,0,1,,0,26,22,4,0.846,3.36,71:21,0,0,0,0,0
Robert Parent,L,3,2,0,2,0,,97,82,15,0.845,5.65,159:11,0,0,0,0,0
Jussi Rynnas,L,5,2,0,2,,0,90,76,14,0.844,4.17,201:39,0,0,0,0,0
Brian Eklund,L,1,1,0,1,,0,19,16,3,0.842,3.09,58:13,0,0,0,0,0
Harrison Gray,L,1,0,0,1,0,,31,26,5,0.839,7.5,40:00,0,0,0,0,0
Neil Little,L,2,1,0,2,0,,37,31,6,0.838,3.86,93:12,0,0,0,0,10
Tyrone Garner,L,3,1,0,2,0,,74,62,12,0.838,5.18,139:03,0,0,0,0,0
Yutaka Fukufuji,L,4,1,0,3,,0,43,36,7,0.837,4.37,96:10,0,0,0,0,0
Bob Sneddon,R,7,3,0,2,0,,127,106,21,0.835,5.63,223:49,0,0,0,0,0
Randy Exelby,L,2,1,0,1,0,,30,25,5,0.833,4.77,62:50,0,0,0,0,0
Evgeny Konstantinov,L,2,0,0,0,0,,6,5,1,0.833,2.94,20:24,0,0,0,0,2
Brandon Halverson,L,1,0,0,0,,0,6,5,1,0.833,4.78,12:33,0,0,0,0,0
Matt Villalta,L,2,1,0,1,,0,29,24,5,0.828,4.17,71:58,0,0,0,0,0
Ken Holland,L,4,2,0,2,1,,97,80,17,0.825,4.96,205:46,0,0,0,0,0
Adam Huska,L,1,1,0,1,,0,39,32,7,0.821,7.04,59:42,0,0,0,0,0
Kaden Fulcher,L,1,0,0,0,,0,11,9,2,0.818,4.41,27:13,0,0,0,0,0
Artyom Zagidulin,L,1,0,0,0,,0,11,9,2,0.818,4.25,28:13,0,0,0,0,0
Alfie Michaud,L,2,0,0,1,0,,27,22,5,0.815,4.32,69:23,0,0,0,0,0
Scott King,L,2,0,0,0,0,,16,13,3,0.813,2.93,61:29,0,0,0,0,0
Bob Ring,L,1,0,0,0,0,,21,17,4,0.81,7.24,33:10,0,0,0,0,0
Marek Schwarz,R,6,1,0,2,,0,47,38,9,0.809,4.32,125:04,0,0,0,0,0
Joacim Eriksson,R,1,0,0,0,,0,31,25,6,0.806,9.99,36:02,0,0,0,0,0
Jean Levasseur,R,1,1,0,1,0,,36,29,7,0.806,7.0,60:00,0,0,0,0,0
Ronald Loustel,L,1,1,0,1,0,,51,41,10,0.804,10.0,60:00,0,0,0,0,0
Karl Friesen,L,4,2,0,2,1,,80,64,16,0.8,7.38,130:04,0,0,1,1,0
Ross McKay,L,1,0,0,0,0,,15,12,3,0.8,5.17,34:47,0,0,0,0,0
Jim Watt,L,1,0,0,0,0,,10,8,2,0.8,6.0,20:00,0,0,0,0,0
Dimitri Patzold,L,3,0,0,0,,0,20,16,4,0.8,5.51,43:35,0,0,0,0,0
David Littman,L,3,2,0,2,0,,68,54,14,0.794,5.95,141:09,0,0,0,0,0
David Gagnon,L,2,1,0,1,0,,28,22,6,0.786,10.3,34:57,0,0,0,0,0
Jack LaFontaine,L,2,1,0,1,,0,41,32,9,0.78,7.2,74:57,0,0,0,0,0
Shawn MacKenzie,L,6,1,0,1,0,,68,53,15,0.779,6.92,130:08,0,0,0,0,0
Julian Klymkiw,R,1,0,0,0,0,,9,7,2,0.778,6.37,18:50,0,0,0,0,0
Michael DiPietro,L,3,2,0,2,,0,48,37,11,0.771,5.25,125:44,0,0,0,0,0
Mike Greenlay,L,2,0,0,0,0,,17,13,4,0.765,11.75,20:26,0,0,1,1,0
Murray McLachlan,L,2,1,0,1,0,,17,13,4,0.765,9.72,24:42,0,0,0,0,0
Jean-Guy Morissette,L,1,0,0,1,0,,17,13,4,0.765,6.6,36:22,0,0,0,0,0
Paul Pageau,L,1,1,0,1,0,,34,26,8,0.765,8.0,60:00,0,0,0,0,0
Paxton Schafer,L,3,0,0,0,0,,25,19,6,0.76,4.65,77:28,0,0,0,0,0
Gregg Naumenko,L,2,1,0,1,0,,29,22,7,0.759,5.99,70:06,0,0,0,0,2
Steve McKichan,L,1,0,0,0,0,,8,6,2,0.75,6.0,20:00,0,0,0,0,0
Paul Hoganson,R,2,1,0,1,0,,28,21,7,0.75,7.35,57:09,0,0,0,0,0
Chris Pusey,L,1,0,0,0,0,,12,9,3,0.75,4.5,40:00,0,0,0,0,0
Adam Hauser,L,1,0,0,0,,0,24,18,6,0.75,7.08,50:49,0,0,0,0,0
Sebastien Centomo,L,1,0,0,0,0,,12,9,3,0.75,4.5,40:00,0,0,0,0,0
Jeremy Duchesne,L,1,0,0,0,,0,4,3,1,0.75,3.59,16:44,0,0,0,0,0
Tyler Bunz,L,1,0,0,0,,0,12,9,3,0.75,9.0,20:00,0,0,0,0,0
Niklas Treutle,L,2,1,0,1,,0,20,15,5,0.75,6.04,49:42,0,0,0,0,2
Veini Vehvilainen,L,1,0,0,0,,0,4,3,1,0.75,5.63,10:40,0,0,0,0,0
Kent Simpson,L,1,0,0,0,,0,7,5,2,0.714,6.0,20:00,0,0,0,0,0
Greg Redquest,L,1,0,0,0,0,,10,7,3,0.7,14.08,12:47,0,0,0,0,0
Travis Scott,L,1,0,0,0,0,,10,7,3,0.7,7.28,24:43,0,0,0,0,0
Hugo Alnefelt,L,1,0,0,0,,0,10,7,3,0.7,9.0,20:00,0,0,0,0,0
Don Aiken,L,1,0,0,1,0,,18,12,6,0.667,10.67,33:45,0,0,0,0,0
Brent Krahn,L,1,0,0,0,,0,9,6,3,0.667,9.0,20:00,0,0,0,0,0
Martin Houle,L,1,0,0,0,,0,3,2,1,0.667,27.27,2:12,0,0,0,0,0
Roman Will,L,1,0,0,0,,0,3,2,1,0.667,3.25,18:28,0,0,0,0,0
Thomas Hodges,L,1,0,0,1,,0,3,2,1,0.667,3.11,19:16,0,0,0,0,0
Timo Pielmeier,L,1,0,0,0,,0,12,7,5,0.583,7.5,40:00,0,0,0,0,0
Michael McNiven,L,1,0,0,0,,0,7,4,3,0.571,9.0,20:00,0,0,0,0,0
Jerome Mrazek,L,1,0,0,0,0,,2,1,1,0.5,9.55,6:17,0,0,0,0,0
James Stewart Jr,L,1,1,0,1,0,,9,4,5,0.444,15.0,20:00,0,0,0,0,0
Andy Branigan,L,1,0,0,0,0,,,,0,--,0.0,7:13,0,0,0,0,0
King Clancy,L,2,0,0,0,0,,,,1,--,20.0,3:00,0,0,1,1,2
Sprague Cleghorn,L,2,0,0,0,0,,,,0,--,0.0,5:00,0,0,0,0,29
Charlie Conacher,R,4,0,0,0,0,,,,0,--,0.0,10:00,0,0,1,1,4
Tom Cook,L,1,0,0,0,0,0,0,0,0,--,0.0,2:00,0,0,0,0,0
Jack Darragh,R,1,0,0,0,0,,,,0,--,0.0,2:00,0,0,1,1,0
Normie Himes,R,2,1,0,1,0,,,,3,--,2.28,79:00,0,0,0,0,0
Red Horner,R,1,0,0,0,0,,,,1,--,60.0,1:00,0,0,0,0,2
Roger Jenkins,R,1,0,0,1,0,,,,7,--,14.0,30:00,0,0,0,0,0
Albert Leduc,R,1,0,0,1,0,,,,0,--,0.0,2:00,0,0,0,0,2
Alex Levinsky,R,1,0,0,0,0,,,,1,--,60.0,1:00,0,0,1,1,0
Dunc Munro,L,1,0,0,0,0,,,,0,--,0.0,2:00,0,0,0,0,0
Hugh Plaxton,L,1,0,0,1,0,,,,5,--,5.26,57:00,0,0,0,0,0
George Redding,L,1,0,0,0,0,,,,1,--,5.45,11:00,0,0,1,1,0
Charlie Sands,R,1,0,0,0,0,,,,5,--,12.0,25:00,0,0,0,0,0
Al Shields,R,2,0,0,0,0,,,,7,--,11.22,37:25,0,0,0,0,0
Jesse Spring,L,1,0,0,0,0,,,,0,--,0.0,2:00,0,0,0,0,0
Harold Starr,L,1,0,0,0,0,,,,0,--,0.0,3:00,0,0,0,0,0
Jerry Toppazzini,R,1,0,0,0,0,,0,0,0,--,0.0,0:33,0,0,0,0,10
Doug Young,R,1,0,0,0,0,,,,1,--,2.86,21:00,0,0,0,0,0
George Abbott,L,1,1,0,1,0,,,,7,--,7.0,60:00,0,0,0,0,0
Red Almas,R,3,3,0,2,1,,,,13,--,4.33,180:00,0,0,0,0,0
Baz Bastien,L,5,5,0,4,1,,,,20,--,4.0,300:00,0,0,0,0,0
Richard Bittner,L,1,1,0,0,1,,,,3,--,3.0,60:00,0,0,0,0,0
Lionel Bouvrette,L,1,1,0,1,0,,,,6,--,6.0,60:00,0,0,0,0,0
Les Colvin,L,1,1,0,1,0,,,,4,--,4.0,60:00,0,0,0,0,0
Bob Decourcy,R,1,0,0,1,0,,,,6,--,12.29,29:18,0,0,0,0,0
Ray Frederick,L,5,5,0,4,1,,,,22,--,4.4,300:00,0,0,0,0,0
Paul Gauthier,R,1,1,0,0,1,,,,2,--,1.71,70:00,0,0,0,0,0
Joe Ironstone,R,2,1,0,0,1,,,,3,--,1.64,110:00,1,0,0,0,0
Tom McGrattan,L,1,0,0,0,0,,,,1,--,7.83,7:40,0,0,0,0,0
Mickey Murray,R,1,1,0,1,0,,,,4,--,4.0,60:00,0,0,0,0,0
Red Spooner,L,1,1,0,1,0,,,,6,--,6.0,60:00,0,0,0,0,0
Phil Stein,L,1,1,0,0,1,,,,2,--,1.71,70:00,0,0,0,0,0
Joe Turner,L,1,1,0,0,1,,,,3,--,2.57,70:00,0,0,0,0,0
Lefty Wilson,L,3,0,0,0,1,,33,32,1,--,0.74,80:44,0,0,0,0,0
Alex Wood,L,1,1,0,1,0,,,,3,--,2.57,70:00,0,0,0,0,0
Christian Soucy,L,1,0,0,0,0,,0,0,0,--,0.0,3:21,0,0,0,0,0
Jordan Sigalet,L,1,0,0,0,,0,0,0,0,--,0.0,0:43,0,0,0,0,0
Robert McVicar,L,1,0,0,0,,0,0,0,0,--,0.0,2:44,0,0,0,0,0
Shawn Hunwick,L,1,0,0,0,,0,0,0,0,--,0.0,2:33,0,0,0,0,0
Jorge Alves,L,1,0,0,0,,0,0,0,0,--,0.0,0:08,0,0,0,0,0
Jett Alexander,L,1,0,0,0,,0,0,0,0,--,0.0,1:10,0,0,0,0,0
